Filename	Years	Punctuation	Contractions	Register
1+NA+NE+NA-NA-NA-NA+NE-NE-NE-NE+NNNN+0157969.txt	0.002	0.027	0.001	NA
1+NA+NE+NA-NA-NA-NA+NE-NE-NE-NE+NNNN+0131434.txt	0.007	0.768	0.237	NA
1+IP+DS+IP-IP-IP-IP+DS-DS-DS-DS+NNNN+1795710.txt	0.0	0.009	0.001	IP
1+SP+IT+SP-SP-SP-SP+IT-IT-IT-IT+NNNN+0154982.txt	0.003	0.144	0.055	SP
1+LY+SL+LY-LY-LY-LY+OL-SL-SL-SL+NNNN+0704923.txt	0.0	0.016	0.077	LY
1+IP+DS+IP-IP-IP-IP+DS-DS-DS-DS+NNNY+1442711.txt	0.0	0.029	0.001	IP
1+IP+DS+IP-IP-IP-IP+DS-DS-DS-DS+NYYY+1433607.txt	0.002	0.041	0.012	IP
1+NA+NE+NA-NA-NA-NA+NE-NE-NE-NE+NNNN+0120263.txt	0.003	0.097	0.04	NA
1+LY+SL+LY-LY-LY-LY+SL-SL-SL-SL+NNNN+0066257.txt	0.0	0.003	0.005	LY
1+OP+OB+OP-OP-OP-OP+OB-OB-OB-OB+NNNN+3198434.txt	0.001	0.026	0.01	OP
1+NA+NE+NA-NA-NA-NA+NE-NE-NE-NE+NNNN+0168596.txt	0.018	0.359	0.082	NA
1+IN+EN+IN-IN-IN-IN+EN-EN-EN-EN+WIKI+9991051.txt	0.091	0.225	0.017	IN
1+IP+DS+IP-IP-IP-IP+DS-DS-DS-DS+NNNY+1739496.txt	0.001	0.025	0.001	IP
1+IN+EN+IN-IN-IN-IN+EN-EN-EN-EN+WIKI+9993120.txt	0.004	0.04	0.005	IN
1+OP+OB+OP-OP-OP-OP+OB-OB-OB-OB+NNNN+3056601.txt	0.001	0.026	0.011	OP
1+OP+OB+OP-OP-OP-OP+OB-OB-OB-OB+NNNN+3131315.txt	0.001	0.048	0.023	OP
1+SP+IT+NA-SP-SP-SP+MA-IT-IT-IT+NNNN+0503515.txt	0.001	0.053	0.036	SP
1+IP+DS+IP-IP-IP-IP+DS-DS-DS-DS+NNNN+0707417.txt	0.0	0.008	0.0	IP
1+IP+DS+IP-IP-IP-IP+DS-DS-DS-DS+NNNN+0438139.txt	0.004	0.034	0.011	IP
1+NA+NE+NA-NA-NA-NA+NE-NE-NE-NE+NNNN+0190991.txt	0.006	0.024	0.005	NA
1+IN+EN+IN-IN-IN-IN+EN-EN-EN-EN+WIKI+9992028.txt	0.001	0.008	0.002	IN
1+IP+DS+IP-IP-IP-IP+DS-DS-DS-DS+NNNY+0410815.txt	0.0	0.032	0.005	IP
1+NA+NE+NA-NA-NA-NA+NE-NE-NE-NE+NNNN+0184853.txt	0.0	0.008	0.001	NA
1+NA+NE+NA-NA-NA-NA+NE-NE-NE-NE+NNNN+0240671.txt	0.003	0.058	0.008	NA
1+IN+EN+IN-IN-IN-IN+EN-EN-EN-EN+WIKI+9990788.txt	0.076	0.229	0.031	IN
1+OP+OB+OP-OP-OP-OP+OB-OB-OB-OB+NNNN+0217982.txt	0.0	0.038	0.013	OP
1+NA+NE+NA-NA-NA-NA+NE-NE-NE-NE+NNNN+0099802.txt	0.0	0.028	0.002	NA
1+NA+NE+NA-NA-NA-NA+NE-NE-NE-NE+NNNN+0216379.txt	0.007	0.047	0.005	NA
1+OP+OB+OP-OP-OP-OP+OB-OB-OB-OB+NNNN+0535944.txt	0.0	0.232	0.092	OP
1+IP+DS+IP-IP-IP-IP+DS-DS-DS-DS+NNYY+1790647.txt	0.0	0.01	0.003	IP
1+IP+DS+IP-IP-IP-IP+DS-DS-DS-DS+NNNY+1397015.txt	0.006	0.05	0.006	IP
1+SP+IT+SP-SP-SP-SP+IT-IT-IT-IT+NNNN+3084605.txt	0.003	0.092	0.026	SP
1+IN+EN+IN-IN-IN-IN+EN-EN-EN-EN+WIKI+9992809.txt	0.053	0.31	0.095	IN
1+SP+IT+NA-SP-SP-SP+SR-IT-IT-IT+NNNN+0691410.txt	0.001	0.024	0.01	SP
1+IP+DS+IP-IP-IP-IP+DS-DS-DS-DS+NYYY+0493405.txt	0.0	0.014	0.001	IP
1+OP+OB+OP-OP-OP-OP+OB-OB-OB-OB+NNNN+0672490.txt	0.001	0.019	0.009	OP
1+OP+OB+OP-OP-OP-OP+OB-OB-OB-OB+NNNN+0534333.txt	0.005	0.056	0.027	OP
1+SP+IT+SP-SP-SP-SP+IT-IT-IT-IT+NNNN+3109290.txt	0.001	0.04	0.007	SP
1+IN+EN+IN-IN-IN-IN+EN-EN-EN-EN+WIKI+9993083.txt	0.0	0.028	0.006	IN
1+NA+NE+NA-NA-NA-NA+NE-NE-NE-NE+NNNN+0115384.txt	0.0	0.015	0.014	NA
1+IN+EN+IN-IN-IN-IN+EN-EN-EN-EN+WIKI+9991694.txt	0.007	0.071	0.015	IN
1+SP+IT+OP-SP-SP-SP+OO-IT-IT-IT+NNNN+0265094.txt	0.0	0.055	0.017	SP
1+LY+SL+LY-LY-LY-LY+SL-SL-SL-SL+NNNN+0043612.txt	0.0	0.033	0.001	LY
1+SP+IT+SP-SP-SP-SP+IT-IT-IT-IT+NNNN+0519283.txt	0.001	0.588	0.002	SP
1+NA+NE+NA-NA-NA-NA+NE-NE-NE-NE+NNNN+0132713.txt	0.001	0.029	0.009	NA
1+IP+DS+IP-IP-IP-IP+DS-DS-DS-DS+NNNN+1754951.txt	0.0	0.029	0.005	IP
1+IN+EN+IN-IN-IN-IN+EN-EN-EN-EN+WIKI+9991131.txt	0.004	0.079	0.025	IN
1+SP+IT+SP-SP-SP-SP+IT-IT-IT-IT+NNNN+3094833.txt	0.001	0.076	0.036	SP
1+NA+NE+NA-NA-NA-NA+NE-NE-NE-NE+NNNN+0194895.txt	0.003	0.158	0.047	NA
1+LY+SL+LY-LY-LY-LY+OL-SL-SL-SL+NNNN+0622847.txt	0.0	0.009	0.011	LY
1+SP+IT+NA-SP-SP-SP+ON-IT-IT-IT+NNNN+3235165.txt	0.0	0.199	0.102	SP
1+IN+EN+IN-IN-IN-IN+EN-EN-EN-EN+WIKI+9992439.txt	0.0	0.024	0.004	IN
1+SP+IT+OP-SP-SP-SP+OB-IT-IT-IT+NNNN+0575118.txt	0.0	0.028	0.006	SP
1+LY+SL+LY-LY-LY-LY+SL-SL-SL-SL+NNNN+0025596.txt	0.0	0.003	0.005	LY
1+SP+IT+SP-SP-SP-SP+IT-IT-IT-IT+NNNN+0479238.txt	0.007	0.177	0.057	SP
1+IN+EN+IN-IN-IN-IN+EN-EN-EN-EN+WIKI+9993928.txt	0.016	0.038	0.01	IN
1+OP+OB+OP-OP-OP-OP+OB-OB-OB-OB+NNNN+3290614.txt	0.0	0.021	0.002	OP
1+OP+OB+OP-OP-OP-OP+OB-OB-OB-OB+NNNN+3242020.txt	0.0	0.015	0.003	OP
1+OP+OB+OP-OP-OP-OP+OB-OB-OB-OB+NNNN+3006341.txt	0.0	0.074	0.016	OP
1+NA+NE+NA-NA-NA-NA+NE-NE-NE-NE+NNNN+0108129.txt	0.0	0.01	0.0	NA
1+SP+IT+NA-SP-SP-SP+ON-IT-IT-IT+NNNN+3077846.txt	0.005	0.092	0.036	SP
1+IP+DS+IP-IP-IP-IP+DS-DS-DS-DS+NYYY+0441230.txt	0.0	0.015	0.002	IP
1+IP+DS+IP-IP-IP-IP+DS-DS-DS-DS+NNNN+0581754.txt	0.003	0.125	0.008	IP
1+OP+OB+OP-OP-OP-OP+OB-OB-OB-OB+NNNN+0614714.txt	0.0	0.085	0.013	OP
1+LY+SL+LY-LY-LY-LY+SL-SL-SL-SL+NNNN+0099692.txt	0.0	0.004	0.017	LY
1+NA+NE+NA-NA-NA-NA+NE-NE-NE-NE+NNNN+0262412.txt	0.003	0.055	0.019	NA
1+OP+OB+OP-OP-OP-OP+OB-OB-OB-OB+NNNN+3013943.txt	0.001	0.024	0.001	OP
1+SP+IT+NA-SP-SP-SP+NE-IT-IT-IT+NNNN+0352261.txt	0.002	0.158	0.031	SP
1+IN+EN+IN-IN-IN-IN+EN-EN-EN-EN+WIKI+9992820.txt	0.009	0.059	0.042	IN
1+SP+IT+NA-SP-SP-SP+NE-IT-IT-IT+NNNN+0405162.txt	0.0	0.027	0.014	SP
1+OP+OB+OP-OP-OP-OP+OB-OB-OB-OB+NNNN+0413766.txt	0.0	0.047	0.025	OP
1+NA+NE+NA-NA-NA-NA+NE-NE-NE-NE+NNNN+0173202.txt	0.0	0.041	0.014	NA
1+IP+DS+IP-IP-IP-IP+DS-DS-DS-DS+NNYY+0535976.txt	0.003	0.067	0.004	IP
1+OP+OB+OP-OP-OP-OP+OB-OB-OB-OB+NNNN+3040274.txt	0.001	0.01	0.0	OP
1+OP+OB+OP-OP-OP-OP+OB-OB-OB-OB+NNNN+3217380.txt	0.0	0.044	0.009	OP
1+OP+OB+OP-OP-OP-OP+OB-OB-OB-OB+NNNN+1753616.txt	0.001	0.035	0.015	OP
1+OP+OB+OP-OP-OP-OP+OB-OB-OB-OB+NNNN+3323019.txt	0.003	0.058	0.009	OP
1+SP+IT+NA-SP-SP-SP+NE-IT-IT-IT+YNNN+3027032.txt	0.001	0.098	0.044	SP
1+LY+SL+LY-LY-LY-LY+SL-SL-SL-SL+NNNN+0010667.txt	0.0	0.007	0.0	LY
1+SP+IT+SP-SP-SP-SP+IT-IT-IT-IT+NNNN+3320730.txt	0.001	0.108	0.026	SP
1+OP+OB+OP-OP-OP-OP+OB-OB-OB-OB+NNNN+0089732.txt	0.001	0.04	0.006	OP
1+NA+NE+NA-NA-NA-NA+NE-NE-NE-NE+NNNN+0231472.txt	0.001	0.025	0.014	NA
1+NA+NE+NA-NA-NA-NA+NE-NE-NE-NE+NNNN+0269619.txt	0.006	0.052	0.016	NA
1+IP+DS+IP-IP-IP-IP+DS-DS-DS-DS+NNNN+0752826.txt	0.0	0.012	0.0	IP
1+SP+IT+SP-SP-SP-SP+IT-IT-IT-IT+NNNN+1792915.txt	0.001	0.08	0.014	SP
1+OP+OB+OP-OP-OP-OP+OB-OB-OB-OB+NNNN+0290581.txt	0.001	0.032	0.008	OP
1+OP+OB+OP-OP-OP-OP+OB-OB-OB-OB+NNNN+0404811.txt	0.0	0.037	0.009	OP
1+LY+SL+LY-LY-LY-LY+SL-SL-SL-SL+NNNN+0089046.txt	0.0	0.005	0.016	LY
1+NA+NE+NA-NA-NA-NA+NE-NE-NE-NE+NNNN+0167673.txt	0.001	0.053	0.007	NA
1+IN+EN+IN-IN-IN-IN+EN-EN-EN-EN+WIKI+9990399.txt	0.016	0.06	0.018	IN
1+SP+IT+SP-SP-SP-SP+IT-IT-IT-IT+NNNN+3002729.txt	0.0	0.147	0.071	SP
1+SP+IT+NA-SP-SP-SP+NE-IT-IT-IT+NNNN+3080587.txt	0.0	0.283	0.123	SP
1+LY+SL+LY-LY-LY-LY+SL-SL-SL-SL+NNNN+0262061.txt	0.0	0.011	0.003	LY
1+IN+EN+IN-IN-IN-IN+EN-EN-EN-EN+WIKI+9993889.txt	0.068	0.278	0.114	IN
1+LY+SL+LY-LY-LY-LY+SL-SL-SL-SL+NNNN+0156383.txt	0.0	0.01	0.003	LY
1+LY+SL+LY-LY-LY-LY+SL-SL-SL-SL+NNNN+0200155.txt	0.0	0.005	0.002	LY
1+IP+DS+IP-IP-IP-IP+DS-DS-DS-DS+NNNY+1446992.txt	0.0	0.035	0.004	IP
1+OP+OB+OP-OP-OP-OP+OB-OB-OB-OB+NNNN+3214890.txt	0.001	0.085	0.006	OP
1+IP+DS+IP-IP-IP-IP+DS-DS-DS-DS+NNNN+1397132.txt	0.001	0.04	0.01	IP
1+OP+OB+OP-OP-OP-OP+OB-OB-OB-OB+NNNN+3226611.txt	0.0	0.022	0.0	OP
1+IP+DS+IP-IP-IP-IP+DS-DS-DS-DS+NNNY+0451876.txt	0.0	0.012	0.002	IP
1+OP+OB+OP-OP-OP-OP+OB-OB-OB-OB+NNNN+0113430.txt	0.015	0.304	0.056	OP
1+IP+DS+IP-IP-IP-IP+DS-DS-DS-DS+NNNN+0072213.txt	0.0	0.015	0.001	IP
1+IP+DS+IP-IP-IP-IP+DS-DS-DS-DS+NNNN+0017514.txt	0.001	0.078	0.018	IP
1+IN+EN+IN-IN-IN-IN+EN-EN-EN-EN+WIKI+9990947.txt	0.002	0.026	0.005	IN
1+NA+NE+NA-NA-NA-NA+NE-NE-NE-NE+NNNN+0112826.txt	0.0	0.057	0.009	NA
1+IN+EN+IN-IN-IN-IN+EN-EN-EN-EN+WIKI+9991481.txt	0.001	0.009	0.002	IN
1+IN+EN+IN-IN-IN-IN+EN-EN-EN-EN+WIKI+9991495.txt	0.001	0.092	0.009	IN
1+IP+DS+IP-IP-IP-IP+DS-DS-DS-DS+NNNN+0434890.txt	0.003	0.034	0.006	IP
1+NA+NE+NA-NA-NA-NA+NE-NE-NE-NE+NNNN+0265431.txt	0.007	0.059	0.017	NA
1+IN+EN+IN-IN-IN-IN+EN-EN-EN-EN+WIKI+9992177.txt	0.001	0.028	0.001	IN
1+SP+IT+SP-SP-SP-SP+IT-IT-IT-IT+NNNN+3029625.txt	0.0	0.031	0.014	SP
1+NA+NE+NA-NA-NA-NA+NE-NE-NE-NE+NNNN+0133432.txt	0.0	0.021	0.001	NA
1+IP+DS+IP-IP-IP-IP+DS-DS-DS-DS+NYYY+1464614.txt	0.0	0.015	0.002	IP
1+IN+EN+IN-IN-IN-IN+EN-EN-EN-EN+WIKI+9993080.txt	0.004	0.023	0.006	IN
1+IN+EN+IN-IN-IN-IN+EN-EN-EN-EN+WIKI+9991867.txt	0.007	0.105	0.033	IN
1+IP+DS+IP-IP-IP-IP+DS-DS-DS-DS+NNNY+0543123.txt	0.002	0.062	0.032	IP
1+OP+OB+OP-OP-OP-OP+OB-OB-OB-OB+NNNN+0247350.txt	0.0	0.017	0.015	OP
1+NA+NE+NA-NA-NA-NA+NE-NE-NE-NE+NNNN+0112359.txt	0.001	0.018	0.009	NA
1+SP+IT+NA-SP-SP-SP+ON-IT-IT-IT+NNNN+0653579.txt	0.001	0.073	0.024	SP
1+SP+IT+NA-SP-SP-SP+NE-IT-IT-IT+NNNN+3707076.txt	0.006	0.054	0.018	SP
1+IP+DS+IP-IP-IP-IP+DS-DS-DS-DS+NNNN+1754953.txt	0.0	0.018	0.004	IP
1+IP+DS+IP-IP-IP-IP+DS-DS-DS-DS+NNNN+3304240.txt	0.0	0.016	0.0	IP
1+IN+EN+IN-IN-IN-IN+EN-EN-EN-EN+WIKI+9990588.txt	0.009	0.045	0.007	IN
1+SP+IT+NA-SP-SP-SP+DP-IT-IT-IT+NNNN+3688089.txt	0.0	0.101	0.003	SP
1+IP+DS+IP-IP-IP-IP+DS-DS-DS-DS+YYYY+0029114.txt	0.004	0.018	0.0	IP
1+LY+SL+LY-LY-LY-LY+SL-SL-SL-SL+NNNN+0292032.txt	0.0	0.008	0.001	LY
1+OP+OB+OP-OP-OP-OP+OB-OB-OB-OB+NNNN+3199476.txt	0.001	0.009	0.004	OP
1+IP+DS+IP-IP-IP-IP+DS-DS-DS-DS+NNNY+0520122.txt	0.0	0.085	0.012	IP
1+NA+NE+NA-NA-NA-NA+NE-NE-NE-NE+NNNN+0101654.txt	0.0	0.042	0.008	NA
1+OP+OB+OP-OP-OP-OP+OB-OB-OB-OB+NNNN+3232705.txt	0.0	0.064	0.007	OP
1+SP+IT+SP-SP-SP-SP+IT-IT-IT-IT+NNNN+0300776.txt	0.0	0.078	0.016	SP
1+IN+EN+IN-IN-IN-IN+EN-EN-EN-EN+WIKI+9993532.txt	0.0	0.009	0.007	IN
1+LY+SL+LY-LY-LY-LY+SL-SL-SL-SL+NNNN+0041563.txt	0.0	0.005	0.008	LY
1+NA+NE+NA-NA-NA-NA+NE-NE-NE-NE+NNNN+0189391.txt	0.0	0.012	0.001	NA
1+NA+NE+NA-NA-NA-NA+NE-NE-NE-NE+NNNN+0160533.txt	0.003	0.048	0.015	NA
1+NA+NE+NA-NA-NA-NA+NE-NE-NE-NE+NNNN+0154696.txt	0.003	0.03	0.008	NA
1+IN+EN+IN-IN-IN-IN+EN-EN-EN-EN+WIKI+9993283.txt	0.011	0.047	0.006	IN
1+OP+OB+OP-OP-OP-OP+OB-OB-OB-OB+NNNN+0676623.txt	0.001	0.039	0.015	OP
1+IP+DS+IP-IP-IP-IP+DS-DS-DS-DS+NNNN+0567577.txt	0.001	0.042	0.018	IP
1+OP+OB+OP-OP-OP-OP+OB-OB-OB-OB+NNNN+3280941.txt	0.0	0.038	0.017	OP
1+IP+DS+IP-IP-IP-IP+DS-DS-DS-DS+NNYY+0206882.txt	0.0	0.061	0.037	IP
1+NA+NE+NA-NA-NA-NA+NE-NE-NE-NE+NNNN+0184070.txt	0.0	0.024	0.005	NA
1+IN+EN+IN-IN-IN-IN+EN-EN-EN-EN+WIKI+9993334.txt	0.0	0.009	0.0	IN
1+OP+OB+OP-OP-OP-OP+OB-OB-OB-OB+NNNN+1723480.txt	0.0	0.072	0.052	OP
1+IN+EN+IN-IN-IN-IN+EN-EN-EN-EN+WIKI+9992758.txt	0.026	0.565	0.074	IN
1+SP+IT+OP-SP-SP-SP+OB-IT-IT-IT+NNNN+3314167.txt	0.005	0.16	0.063	SP
1+NA+NE+NA-NA-NA-NA+NE-NE-NE-NE+NNNN+0213388.txt	0.0	0.081	0.018	NA
1+NA+NE+NA-NA-NA-NA+NE-NE-NE-NE+NNNN+0188851.txt	0.0	0.022	0.001	NA
1+OP+OB+OP-OP-OP-OP+OB-OB-OB-OB+NNNN+1717080.txt	0.019	0.489	0.212	OP
1+OP+OB+OP-OP-OP-OP+OB-OB-OB-OB+NNNN+3212204.txt	0.001	0.03	0.005	OP
1+IN+EN+IN-IN-IN-IN+EN-EN-EN-EN+WIKI+9990198.txt	0.0	0.012	0.002	IN
1+IN+EN+IN-IN-IN-IN+EN-EN-EN-EN+WIKI+9991286.txt	0.002	0.012	0.0	IN
1+IP+DS+IP-IP-IP-IP+DS-DS-DS-DS+NNNY+0541319.txt	0.002	0.063	0.025	IP
1+IP+DS+IP-IP-IP-IP+DS-DS-DS-DS+YYYY+0623514.txt	0.002	0.068	0.024	IP
1+LY+SL+LY-LY-LY-LY+SL-SL-SL-SL+NNNN+0132610.txt	0.0	0.022	0.003	LY
1+IP+DS+IP-IP-IP-IP+DS-DS-DS-DS+NNYY+0366390.txt	0.0	0.049	0.016	IP
1+NA+NE+NA-NA-NA-NA+NE-NE-NE-NE+NNNN+0133590.txt	0.0	0.049	0.017	NA
1+LY+SL+LY-LY-LY-LY+SL-SL-SL-SL+NNNN+0001231.txt	0.0	0.032	0.029	LY
1+NA+NE+NA-NA-NA-NA+NE-NE-NE-NE+NNNN+0267838.txt	0.002	0.069	0.027	NA
1+LY+SL+LY-LY-LY-LY+SL-SL-SL-SL+NNNN+0118006.txt	0.0	0.005	0.021	LY
1+NA+NE+NA-NA-NA-NA+NE-NE-NE-NE+NNNN+0182824.txt	0.004	0.032	0.003	NA
1+LY+SL+LY-LY-LY-LY+SL-SL-SL-SL+NNNN+0174872.txt	0.0	0.004	0.004	LY
1+IN+EN+IN-IN-IN-IN+EN-EN-EN-EN+WIKI+9991916.txt	0.028	0.19	0.057	IN
1+SP+IT+NA-SP-SP-SP+DP-IT-IT-IT+NNNN+3107322.txt	0.0	0.11	0.056	SP
1+LY+SL+LY-LY-LY-LY+SL-SL-SL-SL+NNNN+0040241.txt	0.0	0.003	0.017	LY
1+NA+NE+NA-NA-NA-NA+NE-NE-NE-NE+NNNN+0256405.txt	0.0	0.027	0.009	NA
1+OP+OB+OP-OP-OP-OP+OB-OB-OB-OB+NNNN+0639246.txt	0.0	0.007	0.001	OP
1+OP+OB+OP-OP-OP-OP+OB-OB-OB-AV+NNNN+0763332.txt	0.001	0.104	0.017	OP
1+OP+OB+OP-OP-OP-OP+OB-OB-OB-OB+NNNN+3079800.txt	0.0	0.017	0.0	OP
1+LY+SL+LY-LY-LY-LY+SL-SL-SL-SL+NNNN+0258313.txt	0.0	0.005	0.003	LY
1+IP+DS+IP-IP-IP-IP+DS-DS-DS-DS+NNNY+0059216.txt	0.002	0.06	0.027	IP
1+LY+SL+LY-LY-LY-LY+SL-SL-SL-SL+NNNN+0187252.txt	0.0	0.005	0.037	LY
1+SP+IT+NA-SP-SP-SP+PB-IT-IT-IT+NNNN+3117347.txt	0.002	0.021	0.006	SP
1+SP+IT+NA-SP-SP-SP+NE-IT-IT-IT+NNNN+0745466.txt	0.001	0.037	0.009	SP
1+IP+DS+IP-IP-IP-IP+DS-DS-DS-DS+NYYY+0760309.txt	0.002	0.029	0.004	IP
1+SP+IT+IN-SP-SP-SP+OI-IT-IT-IT+NNNN+1778676.txt	0.001	0.041	0.011	SP
1+IP+DS+IP-IP-IP-IP+DS-DS-DS-DS+NNNY+0755475.txt	0.001	0.051	0.008	IP
1+OP+OB+OP-OP-OP-OP+OB-OB-OB-OB+NNNN+3197271.txt	0.0	0.011	0.002	OP
1+IN+EN+IN-IN-IN-IN+EN-EN-EN-EN+WIKI+9991255.txt	0.034	0.136	0.005	IN
1+LY+SL+LY-LY-LY-LY+OL-SL-SL-SL+NNNN+0493983.txt	0.0	0.008	0.016	LY
1+SP+IT+NA-SP-SP-SP+NE-IT-IT-IT+YNNN+0786906.txt	0.0	0.073	0.021	SP
1+SP+IT+SP-SP-SP-SP+IT-IT-IT-IT+NNNN+0313083.txt	0.004	0.074	0.014	SP
1+NA+NE+NA-NA-NA-NA+NE-NE-NE-NE+NNNN+0206178.txt	0.009	0.207	0.045	NA
1+LY+SL+LY-LY-LY-LY+SL-SL-SL-SL+NNNN+0185531.txt	0.0	0.045	0.018	LY
1+LY+SL+LY-LY-LY-LY+SL-SL-SL-SL+NNNN+0138926.txt	0.0	0.009	0.013	LY
1+IP+DS+IP-IP-IP-IP+DS-DS-DS-DS+NNYY+1398997.txt	0.002	0.034	0.007	IP
1+NA+NE+NA-NA-NA-NA+NE-NE-NE-NE+NNNN+0142755.txt	0.001	0.025	0.001	NA
1+OP+OB+OP-OP-OP-OP+OB-OB-OB-OB+NNNN+0439177.txt	0.0	0.018	0.009	OP
1+OP+OB+OP-OP-OP-OP+OB-OB-OB-OB+NNNN+0624820.txt	0.001	0.04	0.006	OP
1+IP+DS+IP-IP-IP-IP+DS-DS-DS-DS+NNYY+1735558.txt	0.0	0.264	0.107	IP
1+IN+EN+IN-IN-IN-IN+EN-EN-EN-EN+WIKI+9990017.txt	0.004	0.162	0.012	IN
1+SP+IT+NA-SP-SP-SP+NE-IT-IT-IT+NNNN+3324105.txt	0.002	0.046	0.006	SP
1+IP+DS+IP-IP-IP-IP+DS-DS-DS-DS+NNYY+1433807.txt	0.001	0.04	0.005	IP
1+SP+IT+NA-SP-SP-SP+MA-IT-IT-IT+NNNN+0029910.txt	0.001	0.271	0.145	SP
1+IP+DS+IP-IP-IP-IP+DS-DS-DS-DS+NNNN+0462621.txt	0.0	0.011	0.003	IP
1+NA+NE+NA-NA-NA-NA+NE-NE-NE-NE+NNNN+0201415.txt	0.0	0.021	0.006	NA
1+NA+NE+NA-NA-NA-NA+NE-NE-NE-NE+NNNN+0251593.txt	0.002	0.027	0.001	NA
1+SP+IT+SP-SP-SP-SP+IT-IT-IT-IT+NNNN+0473935.txt	0.001	0.065	0.048	SP
1+SP+IT+NA-SP-SP-SP+DP-IT-IT-IT+NNNN+0243881.txt	0.001	0.046	0.01	SP
1+LY+SL+LY-LY-LY-LY+SL-SL-SL-SL+NNNN+0224810.txt	0.0	0.03	0.017	LY
1+IP+DS+IP-IP-IP-IP+DS-DS-DS-DS+NNNN+0609979.txt	0.002	0.035	0.005	IP
1+IN+EN+IN-IN-IN-IN+EN-EN-EN-EN+WIKI+9991644.txt	0.007	0.029	0.001	IN
1+SP+IT+NA-SP-SP-SP+SR-IT-IT-IT+NNNN+1763999.txt	0.0	0.058	0.022	SP
1+IP+DS+IP-IP-IP-IP+DS-DS-DS-DS+NYYY+0546773.txt	0.0	0.009	0.002	IP
1+NA+NE+NA-NA-NA-NA+NE-NE-NE-NE+NNNN+0240312.txt	0.001	0.019	0.004	NA
1+OP+OB+OP-OP-OP-OP+OB-OB-OB-OB+NNNN+0411413.txt	0.002	0.076	0.038	OP
1+NA+NE+NA-NA-NA-NA+NE-NE-NE-NE+NNNN+0271871.txt	0.0	0.048	0.014	NA
1+LY+SL+LY-LY-LY-LY+PO-SL-SL-SL+NNNN+0129578.txt	0.0	0.015	0.007	LY
1+SP+IT+SP-SP-SP-SP+IT-IT-IT-IT+NNNN+3067943.txt	0.001	0.047	0.006	SP
1+NA+NE+NA-NA-NA-NA+NE-NE-NE-NE+NNNN+0118300.txt	0.0	0.267	0.062	NA
1+OP+OB+OP-OP-OP-OP+OB-OB-OB-OB+NNNN+3264552.txt	0.001	0.016	0.011	OP
1+IN+EN+IN-IN-IN-IN+EN-EN-EN-EN+WIKI+9992629.txt	0.035	0.166	0.019	IN
1+NA+NE+NA-NA-NA-NA+NE-NE-NE-NE+NNNN+0240851.txt	0.002	0.005	0.004	NA
1+OP+OB+OP-OP-OP-OP+OB-OB-OB-OB+NNNN+0114575.txt	0.0	0.018	0.004	OP
1+IN+EN+IN-IN-IN-IN+EN-EN-EN-EN+WIKI+9991491.txt	0.002	0.01	0.004	IN
1+OP+OB+OP-OP-OP-OP+OB-OB-OB-OB+NNNN+3200981.txt	0.006	1.033	0.461	OP
1+LY+SL+LY-LY-LY-LY+SL-SL-SL-SL+NNNN+0270844.txt	0.0	0.003	0.03	LY
1+LY+SL+LY-LY-LY-LY+SL-SL-SL-SL+NNNN+0030566.txt	0.0	0.007	0.006	LY
1+SP+IT+NA-SP-SP-SP+NE-IT-IT-IT+NNNN+3022452.txt	0.0	0.022	0.003	SP
1+OP+OB+OP-OP-OP-OP+OB-OB-OB-OB+NNNN+0514635.txt	0.001	0.089	0.04	OP
1+NA+NE+NA-NA-NA-NA+NE-NE-NE-NE+NNNN+0142185.txt	0.004	0.07	0.035	NA
1+NA+NE+NA-NA-NA-NA+NE-NE-NE-NE+NNNN+0153936.txt	0.0	0.022	0.004	NA
1+SP+IT+SP-SP-SP-SP+IT-IT-IT-IT+NNNN+0486349.txt	0.0	0.063	0.042	SP
1+OP+OB+OP-OP-OP-OP+OB-OB-OB-OB+NNNN+0051411.txt	0.0	0.019	0.005	OP
1+IP+DS+IP-IP-IP-IP+DS-DS-DS-DS+NNYY+0453607.txt	0.014	0.1	0.014	IP
1+IN+EN+IN-IN-IN-IN+EN-EN-EN-EN+WIKI+9992577.txt	0.0	0.023	0.002	IN
1+SP+IT+NA-SP-SP-SP+PB-IT-IT-IT+NNNN+3363682.txt	0.001	0.13	0.067	SP
1+NA+NE+NA-NA-NA-NA+NE-NE-NE-NE+NNNN+0241839.txt	0.0	0.006	0.0	NA
1+LY+SL+LY-LY-LY-LY+SL-SL-SL-SL+NNNN+0033245.txt	0.0	0.008	0.005	LY
1+IN+EN+IN-IN-IN-IN+EN-EN-EN-EN+WIKI+9990412.txt	0.006	0.019	0.005	IN
1+SP+IT+SP-SP-SP-SP+IT-IT-IT-IT+NNNN+3698448.txt	0.0	0.093	0.026	SP
1+SP+IT+NA-SP-SP-SP+PB-IT-IT-IT+NNNN+3702060.txt	0.0	0.056	0.025	SP
1+SP+IT+NA-SP-SP-SP+PB-IT-IT-IT+NNNN+0389938.txt	0.001	0.12	0.005	SP
1+OP+OB+OP-OP-OP-OP+OB-OB-OB-AV+NNYN+3312602.txt	0.0	0.017	0.003	OP
1+SP+IT+NA-SP-SP-SP+NE-IT-IT-IT+NNNN+1441747.txt	0.002	0.133	0.096	SP
1+IN+EN+IN-IN-IN-IN+EN-EN-EN-EN+WIKI+9991901.txt	0.004	0.048	0.002	IN
1+OP+OB+OP-OP-OP-OP+OB-OB-OB-OB+NNNN+3207342.txt	0.001	0.056	0.012	OP
1+OP+OB+OP-OP-OP-OP+OB-OB-OB-OB+NNNN+3177153.txt	0.0	0.02	0.0	OP
1+OP+OB+OP-OP-OP-OP+OB-OB-OB-OB+NNNN+3300363.txt	0.0	0.029	0.004	OP
1+IN+EN+IN-IN-IN-IN+EN-EN-EN-EN+WIKI+9992575.txt	0.001	0.061	0.005	IN
1+IN+EN+IN-IN-IN-IN+EN-EN-EN-EN+WIKI+9990404.txt	0.001	0.018	0.0	IN
1+SP+IT+NA-SP-SP-SP+DP-IT-IT-IT+NNNN+1734478.txt	0.0	0.033	0.03	SP
1+IP+DS+IP-IP-IP-IP+DS-DS-DS-DS+NNYY+0060010.txt	0.005	0.045	0.011	IP
1+SP+IT+OP-SP-SP-SP+OB-IT-IT-IT+YNNN+0310638.txt	0.002	0.084	0.019	SP
1+LY+SL+LY-LY-LY-LY+SL-SL-SL-SL+NNNN+0048420.txt	0.0	0.031	0.009	LY
1+SP+IT+NA-SP-SP-SP+NE-IT-IT-IT+NNNN+1752595.txt	0.0	0.057	0.028	SP
1+IP+DS+IP-IP-IP-IP+DS-DS-DS-DS+NNNY+0599007.txt	0.005	0.048	0.004	IP
1+NA+NE+NA-NA-NA-NA+NE-NE-NE-NE+NNNN+0244214.txt	0.0	0.018	0.012	NA
1+SP+IT+NA-SP-SP-SP+SR-IT-IT-IT+NNNN+0437450.txt	0.0	0.018	0.003	SP
1+SP+IT+SP-SP-SP-SP+IT-IT-IT-IT+NNNN+3130574.txt	0.001	0.153	0.092	SP
1+OP+OB+OP-OP-OP-OP+OB-OB-OB-OB+NNNN+0231613.txt	0.0	0.017	0.007	OP
1+SP+IT+OP-SP-SP-SP+RV-IT-IT-IT+NNNN+1792705.txt	0.0	0.017	0.003	SP
1+LY+SL+LY-LY-LY-LY+SL-SL-SL-SL+NNNN+0200351.txt	0.0	0.005	0.002	LY
1+IN+EN+IN-IN-IN-IN+EN-EN-EN-EN+WIKI+9990612.txt	0.0	0.117	0.022	IN
1+IN+EN+IN-IN-IN-IN+EN-EN-EN-EN+WIKI+9990969.txt	0.007	0.079	0.009	IN
1+IN+EN+IN-IN-IN-IN+EN-EN-EN-EN+WIKI+9992818.txt	0.006	0.013	0.008	IN
1+LY+SL+LY-LY-LY-LY+SL-SL-SL-SL+NNNN+0053612.txt	0.0	0.002	0.002	LY
1+OP+OB+OP-OP-OP-OP+OB-OB-OB-OB+NNNN+3167750.txt	0.0	0.05	0.007	OP
1+OP+OB+OP-OP-OP-OP+OB-OB-OB-OB+NNNN+3009089.txt	0.011	0.058	0.014	OP
1+IP+DS+IP-IP-IP-IP+DS-DS-DS-DS+YYYY+0166610.txt	0.002	0.08	0.018	IP
1+IP+DS+IP-IP-IP-IP+DS-DS-DS-DS+NNNY+0334337.txt	0.0	0.057	0.024	IP
1+IP+DS+IP-IP-IP-IP+DS-DS-DS-DS+NNYY+0020030.txt	0.0	0.023	0.011	IP
1+IN+EN+IN-IN-IN-IN+EN-EN-EN-EN+WIKI+9990014.txt	0.002	0.011	0.006	IN
1+LY+SL+LY-LY-LY-LY+SL-SL-SL-SL+NNNN+0084189.txt	0.0	0.003	0.0	LY
1+IN+EN+IN-IN-IN-IN+EN-EN-EN-EN+WIKI+9993247.txt	0.059	0.773	0.057	IN
1+IP+DS+IP-IP-IP-IP+DS-DS-DS-DS+NNNN+0505444.txt	0.0	0.044	0.011	IP
1+IP+DS+IP-IP-IP-IP+DS-DS-DS-DS+NYYY+1765013.txt	0.0	0.011	0.002	IP
1+NA+NE+NA-NA-NA-NA+NE-NE-NE-NE+NNNN+0262827.txt	0.002	0.096	0.031	NA
1+LY+SL+LY-LY-LY-LY+SL-SL-SL-SL+NNNN+0001356.txt	0.0	0.013	0.009	LY
1+NA+NE+NA-NA-NA-NA+NE-NE-NE-NE+NNNN+0244162.txt	0.0	0.019	0.002	NA
1+NA+NE+NA-NA-NA-NA+NE-NE-NE-NE+NNNN+0170519.txt	0.0	0.027	0.004	NA
1+IN+EN+IN-IN-IN-IN+EN-EN-EN-EN+WIKI+9990202.txt	0.001	0.006	0.005	IN
1+OP+OB+OP-OP-OP-OP+OB-OB-OB-OB+NNNN+0226025.txt	0.0	0.018	0.004	OP
1+IN+EN+IN-IN-IN-IN+EN-EN-EN-EN+WIKI+9991134.txt	0.027	0.231	0.027	IN
1+IN+EN+IN-IN-IN-IN+EN-EN-EN-EN+WIKI+9991652.txt	0.005	0.012	0.0	IN
1+SP+IT+OP-SP-SP-SP+OB-IT-IT-IT+NNNN+3137477.txt	0.001	0.075	0.029	SP
1+NA+NE+NA-NA-NA-NA+NE-NE-NE-NE+NNNN+0101337.txt	0.0	0.045	0.012	NA
1+IP+DS+IP-IP-IP-IP+DS-DS-DS-DS+NNYY+0734034.txt	0.0	0.033	0.009	IP
1+IP+DS+IP-IP-IP-IP+DS-DS-DS-DS+NNNN+0558541.txt	0.0	0.01	0.0	IP
1+IP+DS+IP-IP-IP-IP+DS-DS-DS-DS+NNNN+0136708.txt	0.004	0.047	0.012	IP
1+IN+EN+IN-IN-IN-IN+EN-EN-EN-EN+WIKI+9991135.txt	0.011	0.066	0.008	IN
1+IN+EN+IN-IN-IN-IN+EN-EN-EN-EN+WIKI+9993722.txt	0.002	0.114	0.003	IN
1+LY+SL+LY-LY-LY-LY+SL-SL-SL-SL+NNNN+0242215.txt	0.0	0.005	0.007	LY
1+LY+SL+LY-LY-LY-LY+SL-SL-SL-SL+NNNN+0015487.txt	0.0	0.014	0.0	LY
1+IP+DS+IP-IP-IP-IP+DS-DS-DS-DS+NNYY+0492676.txt	0.001	0.049	0.006	IP
1+OP+OB+OP-OP-OP-OP+OB-OB-OB-OB+NNNN+3237323.txt	0.0	0.713	0.349	OP
1+IN+EN+IN-IN-IN-IN+EN-EN-EN-EN+WIKI+9993078.txt	0.003	0.012	0.008	IN
1+LY+SL+LY-LY-LY-LY+OL-SL-SL-SL+NNNN+0003397.txt	0.0	0.006	0.013	LY
1+IP+DS+IP-IP-IP-IP+DS-DS-DS-DS+NNNN+1464635.txt	0.002	0.027	0.0	IP
1+OP+OB+OP-OP-OP-OP+OB-OB-OB-OB+NNNN+0660523.txt	0.015	3.514	1.228	OP
1+IP+DS+IP-IP-IP-IP+DS-DS-DS-DS+NNNY+0154693.txt	0.016	0.025	0.0	IP
1+LY+SL+LY-LY-LY-LY+SL-SL-SL-SL+NNNN+0231238.txt	0.0	0.022	0.025	LY
1+SP+IT+NA-SP-SP-SP+MA-IT-IT-IT+NNNN+1441741.txt	0.0	0.137	0.085	SP
1+SP+IT+SP-SP-SP-SP+IT-IT-IT-IT+NNNN+3333365.txt	0.003	0.058	0.008	SP
1+LY+SL+LY-LY-LY-LY+SL-SL-SL-SL+NNNN+0173919.txt	0.0	0.022	0.007	LY
1+NA+NE+NA-NA-NA-NA+NE-NE-NE-NE+NNNN+0266671.txt	0.0	0.06	0.013	NA
1+NA+NE+NA-NA-NA-NA+NE-NE-NE-NE+NNNN+0118465.txt	0.002	0.059	0.015	NA
1+OP+OB+OP-OP-OP-OP+OB-OB-OB-OB+NNNN+0094376.txt	0.003	0.106	0.043	OP
1+LY+SL+LY-LY-LY-LY+OL-SL-SL-SL+NNNN+0221401.txt	0.0	0.019	0.0	LY
1+IP+DS+IP-IP-IP-IP+DS-DS-DS-DS+NNNN+0167786.txt	0.0	0.094	0.025	IP
1+SP+IT+SP-SP-SP-SP+IT-IT-IT-IT+NNNN+0759343.txt	0.0	0.183	0.02	SP
1+NA+NE+NA-NA-NA-NA+NE-NE-NE-NE+NNNN+0256771.txt	0.001	0.042	0.026	NA
1+NA+NE+NA-NA-NA-NA+NE-NE-NE-NE+NNNN+0219066.txt	0.0	0.021	0.007	NA
1+OP+OB+OP-OP-OP-OP+OB-OB-OB-OB+NNNN+0513011.txt	0.001	0.087	0.033	OP
1+LY+SL+LY-LY-LY-LY+SL-SL-SL-SL+NNNN+0058746.txt	0.0	0.01	0.0	LY
1+LY+SL+LY-LY-LY-LY+SL-SL-SL-SL+NNNN+0201847.txt	0.0	0.008	0.008	LY
1+NA+NE+NA-NA-NA-NA+NE-NE-NE-NE+NNNN+0205473.txt	0.0	0.049	0.01	NA
1+NA+NE+NA-NA-NA-NA+NE-NE-NE-NE+NNNN+0271279.txt	0.001	0.022	0.004	NA
1+LY+SL+LY-LY-LY-LY+PO-SL-SL-SL+NNNN+0229892.txt	0.0	0.048	0.031	LY
1+NA+NE+NA-NA-NA-NA+NE-NE-NE-NE+NNNN+0138831.txt	0.0	0.032	0.007	NA
1+LY+SL+LY-LY-LY-LY+SL-SL-SL-SL+NNNN+0006799.txt	0.0	0.018	0.01	LY
1+IN+EN+IN-IN-IN-IN+EN-EN-EN-EN+WIKI+9992776.txt	0.043	0.243	0.009	IN
1+OP+OB+OP-OP-OP-OP+OB-OB-OB-OB+NNNN+0238187.txt	0.0	0.008	0.001	OP
1+IP+DS+IP-IP-IP-IP+DS-DS-DS-DS+NNNN+1450355.txt	0.0	0.005	0.003	IP
1+NA+NE+NA-NA-NA-NA+NE-NE-NE-NE+NNNN+0274671.txt	0.004	0.023	0.001	NA
1+IN+EN+IN-IN-IN-IN+EN-EN-EN-EN+WIKI+9991041.txt	0.03	0.397	0.006	IN
1+LY+SL+LY-LY-LY-LY+SL-SL-SL-SL+NNNN+0293706.txt	0.0	0.003	0.005	LY
1+IN+EN+IN-IN-IN-IN+EN-EN-EN-EN+WIKI+9991727.txt	0.004	0.008	0.003	IN
1+OP+OB+OP-OP-OP-OP+OB-OB-OB-OB+NNNN+3175976.txt	0.01	2.32	1.136	OP
1+IN+EN+IN-IN-IN-IN+EN-EN-EN-EN+WIKI+9992574.txt	0.011	0.041	0.01	IN
1+NA+NE+NA-NA-NA-NA+NE-NE-NE-NE+NNNN+0250937.txt	0.0	0.038	0.01	NA
1+OP+OB+OP-OP-OP-OP+OB-OB-OB-OB+NNNN+3206061.txt	0.0	0.033	0.011	OP
1+NA+NE+NA-NA-NA-NA+NE-NE-NE-NE+NNNN+0165061.txt	0.0	0.017	0.001	NA
1+IN+EN+IN-IN-IN-IN+EN-EN-EN-EN+WIKI+9991082.txt	0.001	0.009	0.002	IN
1+IP+DS+IP-IP-IP-IP+DS-DS-DS-DS+NNYY+0522994.txt	0.0	0.018	0.0	IP
1+IP+DS+IP-IP-IP-IP+DS-DS-DS-DS+NNYY+0108420.txt	0.001	0.05	0.023	IP
1+NA+NE+NA-NA-NA-NA+NE-NE-NE-NE+NNNN+0224907.txt	0.0	0.012	0.002	NA
1+OP+OB+OP-OP-OP-OP+OB-OB-OB-OB+NNNN+3008962.txt	0.0	0.088	0.025	OP
1+SP+IT+SP-SP-SP-SP+IT-IT-IT-IT+NNNN+3337705.txt	0.0	0.085	0.032	SP
1+NA+NE+NA-NA-NA-NA+NE-NE-NE-NE+NNNN+0174144.txt	0.0	0.067	0.013	NA
1+NA+NE+NA-NA-NA-NA+NE-NE-NE-NE+NNNN+0159099.txt	0.0	0.035	0.008	NA
1+OP+OB+OP-OP-OP-OP+OB-OB-OB-OB+NNNN+3156879.txt	0.0	0.024	0.015	OP
1+SP+IT+NA-SP-SP-SP+MA-IT-IT-IT+NNNN+3366803.txt	0.0	0.082	0.024	SP
1+OP+OB+OP-OP-OP-OP+OB-OB-OB-OB+NNNN+0594253.txt	0.0	0.06	0.016	OP
1+SP+IT+SP-SP-SP-SP+IT-IT-IT-IT+NNNN+0150577.txt	0.0	0.026	0.014	SP
1+LY+SL+LY-LY-LY-LY+SL-SL-SL-SL+NNNN+0157770.txt	0.0	0.005	0.002	LY
1+IP+DS+IP-IP-IP-IP+DS-DS-DS-DS+NNNY+1792064.txt	0.028	0.967	0.217	IP
1+OP+OB+OP-OP-OP-OP+OB-OB-OB-OB+NNNN+3175939.txt	0.0	0.198	0.044	OP
1+IP+DS+IP-IP-IP-IP+DS-DS-DS-DS+NNNY+0296492.txt	0.0	0.026	0.002	IP
1+SP+IT+NA-SP-SP-SP+NE-IT-IT-IT+NNNN+3089514.txt	0.003	0.055	0.054	SP
1+OP+OB+OP-OP-OP-OP+OB-OB-OB-OB+NNNN+0698412.txt	0.0	0.041	0.028	OP
1+LY+SL+LY-LY-LY-LY+SL-SL-SL-SL+NNNN+0223934.txt	0.0	0.016	0.011	LY
1+OP+OB+OP-OP-OP-OP+OB-OB-OB-OB+NNNN+0012941.txt	0.0	0.037	0.03	OP
1+LY+SL+LY-LY-LY-LY+SL-SL-SL-SL+NNNN+0043261.txt	0.0	0.008	0.01	LY
1+OP+OB+OP-OP-OP-OP+OB-OB-OB-OB+NNNN+3279361.txt	0.0	0.03	0.001	OP
1+SP+IT+NA-SP-SP-SP+ON-IT-IT-IT+NNNN+0319585.txt	0.002	0.221	0.15	SP
1+IN+EN+IN-IN-IN-IN+EN-EN-EN-EN+WIKI+9992077.txt	0.025	0.072	0.013	IN
1+SP+IT+SP-SP-SP-SP+IT-IT-IT-IT+NNNN+3798809.txt	0.0	0.076	0.016	SP
1+SP+IT+SP-SP-SP-SP+IT-IT-IT-IT+NNNN+0678498.txt	0.0	0.152	0.074	SP
1+LY+SL+LY-LY-LY-LY+PO-SL-SL-SL+NNNN+0765029.txt	0.0	0.004	0.013	LY
1+LY+SL+LY-LY-LY-LY+PO-SL-SL-SL+NNNN+0609859.txt	0.0	0.005	0.019	LY
1+SP+IT+SP-SP-SP-SP+IT-IT-IT-IT+NNNN+0408689.txt	0.001	0.102	0.037	SP
1+IP+DS+IP-IP-IP-IP+DS-DS-DS-DS+NNNN+0601171.txt	0.002	0.061	0.019	IP
1+IP+DS+IP-IP-IP-IP+DS-DS-DS-DS+NNNN+0302664.txt	0.001	0.059	0.004	IP
1+LY+SL+LY-LY-LY-LY+OL-SL-SL-SL+NNNN+0608565.txt	0.0	0.008	0.033	LY
1+SP+IT+SP-SP-SP-SP+IT-IT-IT-IT+NNNN+0233487.txt	0.0	0.031	0.018	SP
1+IP+DS+IP-IP-IP-IP+DS-DS-DS-DS+NNNN+0445984.txt	0.0	0.024	0.002	IP
1+IN+EN+IN-IN-IN-IN+EN-EN-EN-EN+WIKI+9991378.txt	0.037	0.208	0.075	IN
1+OP+OB+OP-OP-OP-OP+OB-OB-OB-OB+NNNN+0487415.txt	0.002	0.193	0.019	OP
1+OP+OB+OP-OP-OP-OP+OB-OB-OB-OB+NNNN+0319270.txt	0.0	0.013	0.011	OP
1+OP+OB+OP-OP-OP-OP+OB-OB-OB-OB+NNNN+1722310.txt	0.001	0.04	0.022	OP
1+IP+DS+IP-IP-IP-IP+DS-DS-DS-DS+NNNN+0526774.txt	0.002	0.136	0.019	IP
1+NA+NE+NA-NA-NA-NA+NE-NE-NE-NE+NNNN+0098941.txt	0.0	0.057	0.013	NA
1+NA+NE+NA-NA-NA-NA+NE-NE-NE-NE+NNNN+0184429.txt	0.0	0.019	0.005	NA
1+IN+EN+IN-IN-IN-IN+EN-EN-EN-EN+WIKI+9991608.txt	0.0	0.11	0.013	IN
1+NA+NE+NA-NA-NA-NA+NE-NE-NE-NE+NNNN+0103208.txt	0.0	0.03	0.011	NA
1+IP+DS+IP-IP-IP-IP+DS-DS-DS-DS+NNYY+0385137.txt	0.003	0.048	0.02	IP
1+SP+IT+SP-SP-SP-SP+IT-IT-IT-IT+NNNN+1453016.txt	0.0	0.103	0.056	SP
1+SP+IT+NA-SP-SP-SP+MA-IT-IT-IT+NNNN+3738394.txt	0.004	0.112	0.058	SP
1+LY+SL+LY-LY-LY-LY+SL-SL-SL-SL+NNNN+0228082.txt	0.001	0.011	0.003	LY
1+OP+OB+OP-OP-OP-OP+OB-OB-OB-OB+NNNN+0324127.txt	0.0	0.004	0.0	OP
1+IP+DS+IP-IP-IP-IP+DS-DS-DS-DS+NNNY+1438632.txt	0.008	0.122	0.01	IP
1+IP+DS+IP-IP-IP-IP+DS-DS-DS-DS+NNNY+0724613.txt	0.001	0.068	0.026	IP
1+SP+IT+NA-SP-SP-SP+NE-IT-IT-IT+NNNN+0016822.txt	0.0	0.123	0.086	SP
1+IN+EN+IN-IN-IN-IN+EN-EN-EN-EN+WIKI+9991190.txt	0.0	0.017	0.0	IN
1+SP+IT+SP-SP-SP-SP+IT-IT-IT-IT+NNNN+3379550.txt	0.001	0.137	0.041	SP
1+NA+NE+NA-NA-NA-NA+NE-NE-NE-NE+NNNN+0109240.txt	0.006	0.09	0.024	NA
1+OP+OB+OP-OP-OP-OP+OB-OB-OB-OB+NNNN+3200927.txt	0.001	0.027	0.017	OP
1+IP+DS+IP-IP-IP-IP+DS-DS-DS-DS+NNNN+3079065.txt	0.0	0.015	0.0	IP
1+SP+IT+SP-SP-SP-SP+IT-IT-IT-IT+NNNN+0345510.txt	0.0	0.048	0.008	SP
1+IN+EN+IN-IN-IN-IN+EN-EN-EN-EN+WIKI+9993552.txt	0.003	0.087	0.011	IN
1+IN+EN+IN-IN-IN-IN+EN-EN-EN-EN+WIKI+9991345.txt	0.055	0.436	0.066	IN
1+LY+SL+LY-LY-LY-LY+SL-SL-SL-SL+NNNN+0199197.txt	0.0	0.008	0.006	LY
1+OP+OB+OP-OP-OP-OP+OB-OB-OB-OB+NNNN+3057637.txt	0.0	0.018	0.006	OP
1+LY+SL+LY-LY-LY-LY+SL-SL-SL-SL+NNNN+0083871.txt	0.05	0.066	0.769	LY
1+IN+EN+IN-IN-IN-IN+EN-EN-EN-EN+WIKI+9992658.txt	0.01	0.054	0.012	IN
1+NA+NE+NA-NA-NA-NA+NE-NE-NE-NE+NNNN+0171338.txt	0.0	0.044	0.017	NA
1+OP+OB+OP-OP-OP-OP+OB-OB-OB-OB+NNNN+3025510.txt	0.0	0.03	0.003	OP
1+IN+EN+IN-IN-IN-IN+EN-EN-EN-EN+WIKI+9990932.txt	0.006	0.532	0.139	IN
1+IN+EN+IN-IN-IN-IN+EN-EN-EN-EN+WIKI+9993585.txt	0.002	0.012	0.004	IN
1+NA+NE+NA-NA-NA-NA+NE-NE-NE-NE+NNNN+0238970.txt	0.0	0.01	0.002	NA
1+IN+EN+IN-IN-IN-IN+EN-EN-EN-EN+WIKI+9990661.txt	0.046	0.315	0.032	IN
1+IN+EN+IN-IN-IN-IN+EN-EN-EN-EN+WIKI+9991219.txt	0.007	0.136	0.06	IN
1+SP+IT+SP-SP-SP-SP+IT-IT-IT-IT+NNNN+3087583.txt	0.002	0.052	0.03	SP
1+IN+EN+IN-IN-IN-IN+EN-EN-EN-EN+WIKI+9993354.txt	0.005	0.189	0.006	IN
1+SP+IT+NA-SP-SP-SP+NE-IT-IT-IT+NNNN+0160432.txt	0.002	0.091	0.043	SP
1+OP+OB+OP-OP-OP-OP+OB-OB-OB-OB+NNNN+3079455.txt	0.0	0.065	0.02	OP
1+IN+EN+IN-IN-IN-IN+EN-EN-EN-EN+WIKI+9992923.txt	0.006	0.194	0.044	IN
1+NA+NE+NA-NA-NA-NA+NE-NE-NE-NE+NNNN+0133725.txt	0.0	0.014	0.006	NA
1+SP+IT+SP-SP-SP-SP+IT-IT-IT-IT+NNNN+3087554.txt	0.001	0.046	0.017	SP
1+OP+OB+OP-OP-OP-OP+OB-OB-OB-OB+NNNN+0711960.txt	0.005	0.045	0.013	OP
1+NA+NE+NA-NA-NA-NA+NE-NE-NE-NE+NNNN+0121335.txt	0.001	0.034	0.006	NA
1+LY+SL+LY-LY-LY-LY+SL-SL-SL-SL+NNNN+0145639.txt	0.0	0.005	0.002	LY
1+SP+IT+NA-SP-SP-SP+NE-IT-IT-IT+NNNN+3026484.txt	0.001	0.037	0.005	SP
1+NA+NE+NA-NA-NA-NA+NE-NE-NE-NE+NNNN+0152654.txt	0.001	0.061	0.024	NA
1+LY+SL+LY-LY-LY-LY+SL-SL-SL-SL+NNNN+0116936.txt	0.0	0.005	0.0	LY
1+IP+DS+IP-IP-IP-IP+DS-DS-DS-DS+NNNY+0183026.txt	0.002	0.056	0.011	IP
1+LY+SL+LY-LY-LY-LY+SL-SL-SL-SL+NNNN+0246613.txt	0.0	0.004	0.011	LY
1+LY+SL+LY-LY-LY-LY+SL-SL-SL-SL+NNNN+0111903.txt	0.0	0.005	0.025	LY
1+IP+DS+IP-IP-IP-IP+DS-DS-DS-DS+NNNY+1784613.txt	0.0	0.013	0.0	IP
1+LY+SL+LY-LY-LY-LY+SL-SL-SL-SL+NNNN+0009194.txt	0.0	0.045	0.006	LY
1+NA+NE+NA-NA-NA-NA+NE-NE-NE-NE+NNNN+0241653.txt	0.032	0.163	0.023	NA
1+IP+DS+IP-IP-IP-IP+DS-DS-DS-DS+NNNY+0015093.txt	0.001	0.025	0.001	IP
1+NA+NE+NA-NA-NA-NA+NE-NE-NE-NE+NNNN+0146190.txt	0.0	0.038	0.0	NA
1+SP+IT+SP-SP-SP-SP+IT-IT-IT-IT+NNNN+0469128.txt	0.001	0.12	0.011	SP
1+IP+DS+IP-IP-IP-IP+DS-DS-DS-DS+NNNY+0325698.txt	0.001	0.04	0.016	IP
1+LY+SL+LY-LY-LY-LY+SL-SL-SL-SL+NNNN+0081447.txt	0.0	0.008	0.007	LY
1+NA+NE+NA-NA-NA-NA+NE-NE-NE-NE+NNNN+0223995.txt	0.003	0.071	0.026	NA
1+OP+OB+OP-OP-OP-OP+OB-OB-OB-OB+NNNN+0141117.txt	0.011	0.316	0.077	OP
1+SP+IT+SP-SP-SP-SP+IT-IT-IT-IT+NNNN+3111087.txt	0.001	0.05	0.017	SP
1+IN+EN+IN-IN-IN-IN+EN-EN-EN-EN+WIKI+9993381.txt	0.003	0.027	0.002	IN
1+IN+EN+IN-IN-IN-IN+EN-EN-EN-EN+WIKI+9992921.txt	0.023	0.102	0.01	IN
1+NA+NE+NA-NA-NA-NA+NE-NE-NE-NE+NNNN+0169429.txt	0.0	0.021	0.02	NA
1+SP+IT+OP-SP-SP-SP+OB-IT-IT-IT+NNNN+0314482.txt	0.0	0.011	0.0	SP
1+OP+OB+OP-OP-OP-OP+OB-OB-OB-OB+NNNN+3309652.txt	0.0	0.018	0.002	OP
1+OP+OB+OP-OP-OP-OP+OB-OB-OB-OB+NNNN+0211217.txt	0.0	0.069	0.018	OP
1+LY+SL+LY-LY-LY-LY+SL-SL-SL-SL+NNNN+0087552.txt	0.0	0.036	0.017	LY
1+OP+OB+OP-OP-OP-OP+OB-OB-OB-OB+NNNN+3124750.txt	0.0	0.011	0.011	OP
1+IP+DS+IP-IP-IP-IP+DS-DS-DS-DS+NNYY+0004732.txt	0.002	0.06	0.027	IP
1+IN+EN+IN-IN-IN-IN+EN-EN-EN-EN+WIKI+9993342.txt	0.026	0.226	0.076	IN
1+IN+EN+IN-IN-IN-IN+EN-EN-EN-EN+WIKI+9991555.txt	0.008	0.076	0.005	IN
1+OP+OB+OP-OP-OP-OP+OB-OB-OB-OB+NNNN+3318950.txt	0.0	0.058	0.012	OP
1+OP+OB+OP-OP-OP-OP+OB-OB-OB-OB+NNNN+0616016.txt	0.001	0.053	0.013	OP
1+NA+NE+NA-NA-NA-NA+NE-NE-NE-NE+NNNN+0182339.txt	0.013	0.024	0.01	NA
1+IN+EN+IN-IN-IN-IN+EN-EN-EN-EN+WIKI+9992706.txt	0.0	0.073	0.002	IN
1+IP+DS+IP-IP-IP-IP+DS-DS-DS-DS+NNNN+0410951.txt	0.0	0.051	0.008	IP
1+NA+NE+NA-NA-NA-NA+NE-NE-NE-NE+NNNN+0111394.txt	0.001	0.017	0.002	NA
1+IP+DS+IP-IP-IP-IP+DS-DS-DS-DS+NNNY+0519702.txt	0.005	0.136	0.048	IP
1+SP+IT+SP-SP-SP-SP+IT-IT-IT-IT+NNNN+3064949.txt	0.0	0.051	0.014	SP
1+SP+IT+NA-SP-SP-SP+NE-IT-IT-IT+NNNN+0765101.txt	0.002	0.103	0.046	SP
1+LY+SL+LY-LY-LY-LY+SL-SL-SL-SL+NNNN+0055212.txt	0.0	0.005	0.007	LY
1+IP+DS+IP-IP-IP-IP+DS-DS-DS-DS+YYYY+0137412.txt	0.007	0.08	0.016	IP
1+IP+DS+IP-IP-IP-IP+DS-DS-DS-DS+NNNN+0683824.txt	0.002	0.074	0.025	IP
1+LY+SL+LY-LY-LY-LY+SL-SL-SL-SL+NNNN+0024414.txt	0.0	0.005	0.018	LY
1+IN+EN+IN-IN-IN-IN+EN-EN-EN-EN+WIKI+9992114.txt	0.003	0.028	0.002	IN
1+SP+IT+NA-SP-SP-SP+DP-IT-IT-IT+NNNN+0500993.txt	0.006	0.235	0.146	SP
1+LY+SL+LY-LY-LY-LY+SL-SL-SL-SL+NNNN+0030449.txt	0.018	0.028	0.031	LY
1+SP+IT+NA-SP-SP-SP+SR-IT-IT-IT+YNNN+0211214.txt	0.0	0.028	0.01	SP
1+IN+EN+IN-IN-IN-IN+EN-EN-EN-EN+WIKI+9990071.txt	0.119	0.335	0.024	IN
1+NA+NE+NA-NA-NA-NA+NE-NE-NE-NE+NNNN+0138935.txt	0.006	0.033	0.003	NA
1+IP+DS+IP-IP-IP-IP+DS-DS-DS-DS+NNNN+1774607.txt	0.0	0.042	0.005	IP
1+OP+OB+OP-OP-OP-OP+OB-OB-OB-OB+NNNN+3006863.txt	0.0	0.019	0.009	OP
1+SP+IT+SP-SP-SP-SP+IT-IT-IT-IT+NNNN+3117569.txt	0.0	0.055	0.036	SP
1+NA+NE+NA-NA-NA-NA+NE-NE-NE-NE+NNNN+0211660.txt	0.001	0.028	0.007	NA
1+LY+SL+LY-LY-LY-LY+SL-SL-SL-SL+NNNN+0018110.txt	0.0	0.011	0.01	LY
1+IN+EN+IN-IN-IN-IN+EN-EN-EN-EN+WIKI+9993752.txt	0.035	0.19	0.014	IN
1+LY+SL+LY-LY-LY-LY+PR-SL-SL-SL+NNNN+1400918.txt	0.0	0.009	0.0	LY
1+OP+OB+OP-OP-OP-OP+OB-OB-OB-OB+NNNN+3087372.txt	0.0	0.099	0.007	OP
1+IN+EN+IN-IN-IN-IN+EN-EN-EN-EN+WIKI+9993746.txt	0.047	0.299	0.041	IN
1+SP+IT+SP-SP-SP-SP +IT-IT-IT-TA+NNNN+0033895.txt	0.0	0.046	0.021	SP
1+LY+SL+LY-LY-LY-LY+SL-SL-SL-SL+NNNN+0035726.txt	0.0	0.027	0.004	LY
1+IP+DS+IP-IP-IP-IP+DS-DS-DS-DS+NNYY+1796082.txt	0.0	0.017	0.004	IP
1+IP+DS+IP-IP-IP-IP+DS-DS-DS-DS+NNYY+0553067.txt	0.003	0.029	0.004	IP
1+IP+DS+IP-IP-IP-IP+DS-DS-DS-DS+NNYY+0578584.txt	0.001	0.037	0.003	IP
1+SP+IT+SP-SP-SP-SP+IT-IT-IT-IT+NNNN+3011125.txt	0.0	0.053	0.01	SP
1+NA+NE+NA-NA-NA-NA+NE-NE-NE-NE+NNNN+0176118.txt	0.0	0.007	0.001	NA
1+NA+NE+NA-NA-NA-NA+NE-NE-NE-NE+NNNN+0212817.txt	0.0	0.014	0.002	NA
1+OP+OB+OP-OP-OP-OP+OB-OB-OB-OB+NNNN+0695524.txt	0.002	0.063	0.011	OP
1+SP+IT+SP-SP-SP-SP+IT-IT-IT-IT+NNNN+0441248.txt	0.0	0.034	0.009	SP
1+IP+DS+IP-IP-IP-IP+DS-DS-DS-DS+NNNN+0663721.txt	0.001	0.013	0.003	IP
1+NA+NE+NA-NA-NA-NA+NE-NE-NE-NE+NNNN+0141549.txt	0.0	0.021	0.008	NA
1+IP+DS+IP-IP-IP-IP+DS-DS-DS-DS+NNNY+0659412.txt	0.001	0.023	0.0	IP
1+NA+NE+NA-NA-NA-NA+NE-NE-NE-NE+NNNN+0176497.txt	0.001	0.05	0.035	NA
1+NA+NE+NA-NA-NA-NA+NE-NE-NE-NE+NNNN+0134673.txt	0.002	0.08	0.018	NA
1+LY+SL+LY-LY-LY-LY+SL-SL-SL-SL+NNNN+0082563.txt	0.0	0.018	0.011	LY
1+IN+EN+IN-IN-IN-IN+EN-EN-EN-EN+WIKI+9992713.txt	0.004	0.08	0.011	IN
1+OP+OB+OP-OP-OP-OP+OB-OB-OB-OB+NNNN+3234539.txt	0.0	0.269	0.089	OP
1+NA+NE+NA-NA-NA-NA+NE-NE-NE-NE+NNNN+0153763.txt	0.001	0.029	0.012	NA
1+IN+EN+IN-IN-IN-IN+EN-EN-EN-EN+WIKI+9991554.txt	0.0	0.02	0.001	IN
1+IN+EN+IN-IN-IN-IN+EN-EN-EN-EN+WIKI+9993343.txt	0.026	0.185	0.053	IN
1+OP+OB+OP-OP-OP-OP+OB-OB-OB-OB+NNNN+3211752.txt	0.001	0.037	0.006	OP
1+IN+EN+IN-IN-IN-IN+EN-EN-EN-EN+WIKI+9990879.txt	0.002	0.043	0.007	IN
1+OP+OB+OP-OP-OP-OP+OB-OB-OB-OB+NNNN+0318226.txt	0.004	0.131	0.022	OP
1+IP+DS+IP-IP-IP-IP+DS-DS-DS-DS+NNYY+0094687.txt	0.012	0.133	0.038	IP
1+OP+OB+OP-OP-OP-OP+OB-OB-OB-OB+NNNN+3101738.txt	0.0	0.034	0.015	OP
1+IN+EN+IN-IN-IN-IN+EN-EN-EN-EN+WIKI+9993155.txt	0.03	0.27	0.026	IN
1+NA+NE+NA-NA-NA-NA+NE-NE-NE-NE+NNNN+0181433.txt	0.0	0.018	0.004	NA
1+IN+EN+IN-IN-IN-IN+EN-EN-EN-EN+WIKI+9991965.txt	0.0	0.014	0.001	IN
1+LY+SL+LY-LY-LY-LY+SL-SL-SL-SL+NNNN+0098665.txt	0.0	0.016	0.014	LY
1+NA+NE+NA-NA-NA-NA+NE-NE-NE-NE+NNNN+0258301.txt	0.0	0.018	0.003	NA
1+NA+NE+NA-NA-NA-NA+NE-NE-NE-NE+NNNN+0216708.txt	0.0	0.007	0.003	NA
1+IN+EN+IN-IN-IN-IN+EN-EN-EN-EN+WIKI+9993800.txt	0.002	0.021	0.01	IN
1+NA+NE+NA-NA-NA-NA+NE-NE-NE-NE+NNNN+0137030.txt	0.019	0.073	0.019	NA
1+LY+SL+LY-LY-LY-LY+SL-SL-SL-SL+NNNN+0059011.txt	0.0	0.006	0.007	LY
1+NA+NE+NA-NA-NA-NA+NE-NE-NE-NE+NNNN+0166253.txt	0.001	0.007	0.002	NA
1+LY+SL+LY-LY-LY-LY+SL-SL-SL-SL+NNNN+0058451.txt	0.0	0.026	0.003	LY
1+OP+OB+OP-OP-OP-OP+OB-OB-OB-OB+NNNN+0776532.txt	0.0	0.024	0.007	OP
1+NA+NE+NA-NA-NA-NA+NE-NE-NE-NE+NNNN+0150905.txt	0.0	0.039	0.01	NA
1+OP+OB+OP-OP-OP-OP+OB-OB-OB-OB+NNNN+0656190.txt	0.005	0.068	0.009	OP
1+LY+SL+LY-LY-LY-LY+OL-SL-SL-SL+NNNN+0059615.txt	0.0	0.01	0.004	LY
1+IP+DS+IP-IP-IP-IP+DS-DS-DS-DS+NNNN+0498659.txt	0.001	0.019	0.004	IP
1+LY+SL+LY-LY-LY-LY+SL-SL-SL-SL+NNNN+0082188.txt	0.0	0.02	0.008	LY
1+IN+EN+IN-IN-IN-IN+EN-EN-EN-EN+WIKI+9991034.txt	0.001	0.007	0.004	IN
1+LY+SL+LY-LY-LY-LY+SL-SL-SL-SL+NNNN+0288353.txt	0.0	0.041	0.027	LY
1+NA+NE+NA-NA-NA-NA+NE-NE-NE-NE+NNNN+0222324.txt	0.0	0.015	0.002	NA
1+IP+DS+IP-IP-IP-IP+DS-DS-DS-DS+NNYY+0730811.txt	0.0	0.037	0.004	IP
1+LY+SL+LY-LY-LY-LY+SL-SL-SL-SL+NNNN+0019169.txt	0.0	0.012	0.006	LY
1+IP+DS+IP-IP-IP-IP+DS-DS-DS-DS+NNNN+0583912.txt	0.001	0.045	0.012	IP
1+OP+OB+OP-OP-OP-OP+OB-OB-OB-OB+NNNN+0264841.txt	0.002	0.08	0.031	OP
1+IP+DS+IP-IP-IP-IP+DS-DS-DS-DS+NNNY+0101591.txt	0.001	0.037	0.008	IP
1+OP+OB+OP-OP-OP-OP+OB-OB-OB-OB+NNNN+3277410.txt	0.0	0.074	0.042	OP
1+LY+SL+LY-LY-LY-LY+SL-SL-SL-SL+NNNN+0069459.txt	0.0	0.003	0.0	LY
1+OP+OB+OP-OP-OP-OP+OB-OB-OB-OB+NNNN+0336134.txt	0.006	0.728	0.175	OP
1+LY+SL+LY-LY-LY-LY+PO-SL-SL-SL+NNNN+0585177.txt	0.0	0.012	0.002	LY
1+LY+SL+LY-LY-LY-LY+SL-SL-SL-SL+NNNN+0085591.txt	0.0	0.029	0.005	LY
1+OP+OB+OP-OP-OP-OP+OB-OB-OB-OB+NNNN+3028966.txt	0.0	0.024	0.012	OP
1+LY+SL+LY-LY-LY-LY+SL-SL-SL-SL+NNNN+0167500.txt	0.0	0.005	0.012	LY
1+NA+NE+NA-NA-NA-NA+NE-NE-NE-NE+NNNN+0112667.txt	0.002	0.057	0.011	NA
1+IN+EN+IN-IN-IN-IN+EN-EN-EN-EN+WIKI+9991424.txt	0.011	0.131	0.045	IN
1+SP+IT+OP-SP-SP-SP+RV-IT-IT-IT+NNNN+3257855.txt	0.0	0.056	0.028	SP
1+SP+IT+NA-SP-SP-SP+MA-IT-IT-IT+NNNN+0001027.txt	0.0	0.075	0.048	SP
1+IN+EN+IN-IN-IN-IN+EN-EN-EN-EN+WIKI+9990048.txt	0.019	0.128	0.041	IN
1+IN+EN+IN-IN-IN-IN+EN-EN-EN-EN+WIKI+9991801.txt	0.035	0.669	0.17	IN
1+IP+DS+IP-IP-IP-IP+DS-DS-DS-DS+NNNN+0077906.txt	0.0	0.008	0.004	IP
1+IN+EN+IN-IN-IN-IN+EN-EN-EN-EN+WIKI+9991815.txt	0.037	0.322	0.029	IN
1+OP+OB+OP-OP-OP-OP+OB-OB-OB-OB+NNNN+0302642.txt	0.0	0.025	0.006	OP
1+SP+IT+SP-SP-SP-SP+IT-IT-IT-IT+NNNN+1724553.txt	0.006	0.204	0.058	SP
1+IN+EN+IN-IN-IN-IN+EN-EN-EN-EN+WIKI+9990510.txt	0.12	0.786	0.053	IN
1+IP+DS+IP-IP-IP-IP+DS-DS-DS-DS+NNNY+0684475.txt	0.002	0.03	0.005	IP
1+OP+OB+OP-OP-OP-OP+OB-OB-OB-OB+NNNN+0231263.txt	0.0	0.043	0.01	OP
1+IP+DS+IP-IP-IP-IP+DS-DS-DS-DS+NNNY+1752454.txt	0.0	0.032	0.009	IP
1+SP+IT+SP-SP-SP-SP+IT-IT-IT-IT+NNNN+3094842.txt	0.002	0.055	0.02	SP
1+NA+NE+NA-NA-NA-NA+NE-NE-NE-NE+NNNN+0130834.txt	0.0	0.021	0.0	NA
1+OP+OB+OP-OP-OP-OP+OB-OB-OB-OB+NNNN+0604775.txt	0.001	0.042	0.014	OP
1+IN+EN+IN-IN-IN-IN+EN-EN-EN-EN+WIKI+9993025.txt	0.022	0.162	0.024	IN
1+LY+SL+LY-LY-LY-LY+SL-SL-SL-SL+NNNN+0120461.txt	0.0	0.005	0.009	LY
1+IN+EN+IN-IN-IN-IN+EN-EN-EN-EN+WIKI+9991632.txt	0.0	0.021	0.009	IN
1+SP+IT+NA-SP-SP-SP+SR-IT-IT-IT+YNNN+3135465.txt	0.001	0.03	0.019	SP
1+NA+NE+NA-NA-NA-NA+NE-NE-NE-NE+NNNN+0193152.txt	0.0	0.046	0.004	NA
1+IN+EN+IN-IN-IN-IN+EN-EN-EN-EN+WIKI+9993742.txt	0.005	0.019	0.002	IN
1+NA+NE+NA-NA-NA-NA+NE-NE-NE-NE+NNNN+0173918.txt	0.002	0.103	0.041	NA
1+IN+EN+IN-IN-IN-IN+EN-EN-EN-EN+WIKI+9993024.txt	0.046	0.261	0.055	IN
1+SP+IT+SP-SP-SP-SP+IT-IT-IT-IT+NNNN+0314567.txt	0.001	0.087	0.031	SP
1+IN+EN+IN-IN-IN-IN+EN-EN-EN-EN+WIKI+9990277.txt	0.004	0.028	0.011	IN
1+OP+OB+OP-OP-OP-OP+OB-OB-OB-OB+NNNN+3168827.txt	0.001	0.04	0.005	OP
1+IN+EN+IN-IN-IN-IN+EN-EN-EN-EN+WIKI+9992306.txt	0.0	0.02	0.002	IN
1+IP+DS+IP-IP-IP-IP+DS-DS-DS-DS+NNNN+0234689.txt	0.004	0.175	0.063	IP
1+IN+EN+IN-IN-IN-IN+EN-EN-EN-EN+WIKI+9990505.txt	0.013	0.206	0.003	IN
1+LY+SL+LY-LY-LY-LY+SL-SL-SL-SL+NNNN+0244604.txt	0.0	0.003	0.001	LY
1+LY+SL+LY-LY-LY-LY+SL-SL-SL-SL+NNNN+0135904.txt	0.0	0.017	0.019	LY
1+NA+NE+NA-NA-NA-NA+NE-NE-NE-NE+NNNN+0132763.txt	0.004	0.032	0.003	NA
1+LY+SL+LY-LY-LY-LY+SL-SL-SL-SL+NNNN+0051514.txt	0.0	0.007	0.008	LY
1+LY+SL+LY-LY-LY-LY+SL-SL-SL-SL+NNNN+0207932.txt	0.0	0.035	0.015	LY
1+OP+OB+OP-OP-OP-OP+OB-OB-OB-OB+NNNN+3138590.txt	0.0	0.057	0.006	OP
1+IP+DS+IP-IP-IP-IP+DS-DS-DS-DS+NNNY+0604076.txt	0.0	0.027	0.009	IP
1+LY+SL+LY-LY-LY-LY+SL-SL-SL-SL+NNNN+0286035.txt	0.0	0.005	0.006	LY
1+LY+SL+LY-LY-LY-LY+SL-SL-SL-SL+NNNN+0075111.txt	0.0	0.005	0.022	LY
1+IP+DS+IP-IP-IP-IP+DS-DS-DS-DS+NNYY+0245665.txt	0.0	0.009	0.004	IP
1+IN+EN+IN-IN-IN-IN+EN-EN-EN-EN+WIKI+9991394.txt	0.093	0.596	0.04	IN
1+SP+IT+NA-SP-SP-SP+NE-IT-IT-IT+NNNN+3022223.txt	0.001	0.035	0.017	SP
1+IP+DS+IP-IP-IP-IP+DS-DS-DS-DS+NNNY+3143387.txt	0.0	0.016	0.001	IP
1+OP+OB+OP-OP-OP-OP+OB-OB-OB-AV+NNNN+3303908.txt	0.0	0.026	0.02	OP
1+LY+SL+LY-LY-LY-LY+SL-SL-SL-SL+NNNN+0179924.txt	0.0	0.007	0.013	LY
1+SP+IT+SP-SP-SP-SP+IT-IT-IT-IT+NNNN+3159400.txt	0.002	0.085	0.027	SP
1+LY+SL+LY-LY-LY-LY+SL-SL-SL-SL+NNNN+0124202.txt	0.0	0.003	0.006	LY
1+IP+DS+IP-IP-IP-IP+DS-DS-DS-DS+NNNY+0477168.txt	0.0	0.014	0.007	IP
1+IN+EN+IN-IN-IN-IN+EN-EN-EN-EN+WIKI+9990129.txt	0.002	0.013	0.002	IN
1+LY+SL+LY-LY-LY-LY+SL-SL-SL-SL+NNNN+0181682.txt	0.0	0.088	0.026	LY
1+IN+EN+IN-IN-IN-IN+EN-EN-EN-EN+WIKI+9992702.txt	0.0	0.011	0.0	IN
1+OP+OB+OP-OP-OP-OP+OB-OB-OB-OB+NNNN+3219451.txt	0.0	0.007	0.002	OP
1+OP+OB+OP-OP-OP-OP+OB-OB-OB-OB+NNNN+3023775.txt	0.0	0.055	0.004	OP
1+OP+OB+OP-OP-OP-OP+OB-OB-OB-OB+NNNN+3133200.txt	0.002	0.016	0.002	OP
1+IN+EN+IN-IN-IN-IN+EN-EN-EN-EN+WIKI+9992925.txt	0.001	0.035	0.002	IN
1+LY+SL+LY-LY-LY-LY+OL-SL-SL-SL+NNNN+0260011.txt	0.0	0.012	0.0	LY
1+SP+IT+SP-SP-SP-SP+IT-IT-IT-IT+NNNN+3178753.txt	0.002	0.138	0.054	SP
1+IN+EN+IN-IN-IN-IN+EN-EN-EN-EN+WIKI+9993622.txt	0.117	0.507	0.023	IN
1+OP+OB+OP-OP-OP-OP+OB-OB-OB-AV+NNNN+3099252.txt	0.0	0.048	0.021	OP
1+LY+SL+LY-LY-LY-LY+SL-SL-SL-SL+NNNN+0159994.txt	0.0	0.009	0.003	LY
1+SP+IT+NA-SP-SP-SP+SR-IT-IT-IT+NNNN+0447498.txt	0.006	0.235	0.107	SP
1+SP+IT+NA-SP-SP-SP+NE-IT-IT-IT+NNNN+0079417.txt	0.004	0.086	0.047	SP
1+IN+EN+IN-IN-IN-IN+EN-EN-EN-EN+WIKI+9993191.txt	0.005	0.026	0.0	IN
1+SP+IT+NA-SP-SP-SP+NE-IT-IT-IT+NNNN+0474475.txt	0.003	0.093	0.051	SP
1+SP+IT+NA-SP-SP-SP+MA-IT-IT-IT+NNNN+3110055.txt	0.0	0.06	0.037	SP
1+LY+SL+LY-LY-LY-LY+SL-SL-SL-SL+NNNN+0206569.txt	0.0	0.006	0.004	LY
1+LY+SL+LY-LY-LY-LY+SL-SL-SL-SL+NNNN+0285106.txt	0.0	0.005	0.019	LY
1+OP+OB+OP-OP-OP-OP+OB-OB-OB-OB+NNNN+0694211.txt	0.0	0.061	0.024	OP
1+SP+IT+SP-SP-SP-SP+IT-IT-IT-IT+NNNN+3298386.txt	0.002	0.122	0.05	SP
1+NA+NE+NA-NA-NA-NA+NE-NE-NE-NE+NNNN+0256883.txt	0.0	0.017	0.001	NA
1+LY+SL+LY-LY-LY-LY+SL-SL-SL-SL+NNNN+0249040.txt	0.001	0.124	0.054	LY
1+IP+DS+IP-IP-IP-IP+DS-DS-DS-DS+NNNN+0141870.txt	0.0	0.085	0.032	IP
1+IN+EN+IN-IN-IN-IN+EN-EN-EN-EN+WIKI+9992700.txt	0.012	0.102	0.025	IN
1+IP+DS+IP-IP-IP-IP+DS-DS-DS-DS+NNNN+0763915.txt	0.0	0.012	0.0	IP
1+OP+OB+OP-OP-OP-OP+OB-OB-OB-OB+NNNN+1732338.txt	0.001	0.184	0.116	OP
1+OP+OB+OP-OP-OP-OP+OB-OB-OB-OB+NNNN+0343386.txt	0.014	0.422	0.123	OP
1+OP+OB+OP-OP-OP-OP+OB-OB-OB-OB+NNNN+0737182.txt	0.0	0.034	0.005	OP
1+NA+NE+NA-NA-NA-NA+NE-NE-NE-NE+NNNN+0198207.txt	0.0	0.083	0.021	NA
1+SP+IT+SP-SP-SP-SP+IT-IT-IT-IT+NNNN+0068402.txt	0.003	0.119	0.038	SP
1+LY+SL+LY-LY-LY-LY+SL-SL-SL-SL+NNNN+0069260.txt	0.0	0.018	0.009	LY
1+SP+IT+NA-SP-SP-SP+PB-IT-IT-IT+NNNN+3184163.txt	0.012	0.568	0.148	SP
1+LY+SL+LY-LY-LY-LY+SL-SL-SL-SL+NNNN+0234336.txt	0.0	0.01	0.01	LY
1+LY+SL+LY-LY-LY-LY+SL-SL-SL-SL+NNNN+0024189.txt	0.0	0.003	0.017	LY
1+NA+NE+NA-NA-NA-NA+NE-NE-NE-NE+NNNN+0267733.txt	0.0	0.035	0.008	NA
1+NA+NE+NA-NA-NA-NA+NE-NE-NE-NE+NNNN+0184410.txt	0.001	0.033	0.006	NA
1+IN+EN+IN-IN-IN-IN+EN-EN-EN-EN+WIKI+9991619.txt	0.034	0.125	0.013	IN
1+IN+EN+IN-IN-IN-IN+EN-EN-EN-EN+WIKI+9990507.txt	0.132	0.728	0.103	IN
1+SP+IT+SP-SP-SP-SP +IT-IT-IT-TA+NNNN+0656288.txt	0.0	0.046	0.005	SP
1+SP+IT+SP-SP-SP-SP+IT-IT-IT-IT+NNNN+0487142.txt	0.0	0.079	0.048	SP
1+LY+SL+LY-LY-LY-LY+SL-SL-SL-SL+NNNN+0091915.txt	0.0	0.009	0.019	LY
1+SP+IT+SP-SP-SP-SP+IT-IT-IT-IT+NNNN+3052972.txt	0.0	0.129	0.1	SP
1+OP+OB+OP-OP-OP-OP+OB-OB-OB-OB+NNNN+3011302.txt	0.001	0.084	0.03	OP
1+IN+EN+IN-IN-IN-IN+EN-EN-EN-EN+WIKI+9993032.txt	0.0	0.056	0.006	IN
1+OP+OB+OP-OP-OP-OP+OB-OB-OB-OB+NNNN+3041246.txt	0.0	0.123	0.058	OP
1+SP+IT+OP-SP-SP-SP+OB-IT-IT-IT+YNNN+0307534.txt	0.005	0.178	0.049	SP
1+SP+IT+NA-SP-SP-SP+PB-IT-IT-IT+NNNN+3301113.txt	0.0	0.058	0.045	SP
1+SP+IT+SP-SP-SP-SP+IT-IT-IT-IT+NNNN+0763533.txt	0.0	0.096	0.007	SP
1+NA+NE+NA-NA-NA-NA+NE-NE-NE-NE+NNNN+0131255.txt	0.0	0.037	0.007	NA
1+NA+NE+NA-NA-NA-NA+NE-NE-NE-NE+NNNN+0175359.txt	0.014	0.073	0.011	NA
1+LY+SL+LY-LY-LY-LY+PR-SL-SL-SL+NNNN+0091699.txt	0.0	0.016	0.001	LY
1+IN+EN+IN-IN-IN-IN+EN-EN-EN-EN+WIKI+9992885.txt	0.029	0.294	0.029	IN
1+NA+NE+NA-NA-NA-NA+NE-NE-NE-NE+NNNN+0144351.txt	0.0	0.032	0.009	NA
1+OP+OB+OP-OP-OP-OP+OB-OB-OB-OB+NNNN+3039882.txt	0.001	0.061	0.019	OP
1+IP+DS+IP-IP-IP-IP+DS-DS-DS-DS+NNNY+0095292.txt	0.0	0.016	0.007	IP
1+OP+OB+OP-OP-OP-OP+OB-OB-OB-OB+NNNN+0484440.txt	0.0	0.054	0.015	OP
1+IP+DS+IP-IP-IP-IP+DS-DS-DS-DS+NNNY+0513572.txt	0.001	0.032	0.004	IP
1+IP+DS+IP-IP-IP-IP+DS-DS-DS-DS+NNYY+0294598.txt	0.0	0.038	0.006	IP
1+OP+OB+OP-OP-OP-OP+OB-OB-OB-OB+NNNN+0436379.txt	0.0	0.041	0.014	OP
1+IN+EN+IN-IN-IN-IN+EN-EN-EN-EN+WIKI+9992715.txt	0.008	0.069	0.022	IN
1+OP+OB+OP-OP-OP-OP+OB-OB-OB-OB+NNNN+0338899.txt	0.032	0.888	0.262	OP
1+IN+EN+IN-IN-IN-IN+EN-EN-EN-EN+WIKI+9990843.txt	0.003	0.009	0.0	IN
1+NA+NE+NA-NA-NA-NA+NE-NE-NE-NE+NNNN+0186831.txt	0.005	0.037	0.002	NA
1+IP+DS+IP-IP-IP-IP+DS-DS-DS-DS+NNNN+0417817.txt	0.0	0.039	0.005	IP
1+SP+IT+SP-SP-SP-SP+IT-IT-IT-IT+NNNN+3379179.txt	0.002	0.081	0.014	SP
1+IN+EN+IN-IN-IN-IN+EN-EN-EN-EN+WIKI+9992271.txt	0.0	0.065	0.0	IN
1+SP+IT+SP-SP-SP-SP+IT-IT-IT-IT+NNNN+0217125.txt	0.003	0.124	0.08	SP
1+SP+IT+SP-SP-SP-SP+IT-IT-IT-IT+NNNN+1796268.txt	0.001	0.103	0.053	SP
1+IP+DS+IP-IP-IP-IP+DS-DS-DS-DS+NNYY+3117770.txt	0.0	0.056	0.002	IP
1+SP+IT+NA-SP-SP-SP+NE-IT-IT-IT+NNNN+3027037.txt	0.0	0.155	0.097	SP
1+OP+OB+OP-OP-OP-OP+OB-OB-OB-OB+NNNN+0202739.txt	0.008	0.284	0.039	OP
1+NA+NE+NA-NA-NA-NA+NE-NE-NE-NE+NNNN+0117300.txt	0.0	0.065	0.017	NA
1+LY+SL+LY-LY-LY-LY+SL-SL-SL-SL+NNNN+0066573.txt	0.0	0.005	0.009	LY
1+IP+DS+IP-IP-IP-IP+DS-DS-DS-DS+NNNY+0680768.txt	0.001	0.048	0.003	IP
1+NA+NE+NA-NA-NA-NA+NE-NE-NE-NE+NNNN+0266555.txt	0.0	0.013	0.007	NA
1+IP+DS+IP-IP-IP-IP+DS-DS-DS-DS+NNYY+0175472.txt	0.003	0.06	0.011	IP
1+LY+SL+LY-LY-LY-LY+SL-SL-SL-SL+NNNN+0068210.txt	0.0	0.111	0.065	LY
1+NA+NE+NA-NA-NA-NA+NE-NE-NE-NE+NNNN+0165557.txt	0.002	0.02	0.005	NA
1+OP+OB+OP-OP-OP-OP+OB-OB-OB-OB+NNNN+3298141.txt	0.001	0.064	0.017	OP
1+IP+DS+IP-IP-IP-IP+DS-DS-DS-DS+NNNN+1408385.txt	0.008	0.119	0.011	IP
1+OP+OB+OP-OP-OP-OP+OB-OB-OB-OB+NNNN+3208234.txt	0.0	0.024	0.004	OP
1+OP+OB+OP-OP-OP-OP+OB-OB-OB-OB+NNNN+3274670.txt	0.0	0.021	0.011	OP
1+IN+EN+IN-IN-IN-IN+EN-EN-EN-EN+WIKI+9991577.txt	0.05	0.262	0.018	IN
1+NA+NE+NA-NA-NA-NA+NE-NE-NE-NE+NNNN+0159251.txt	0.0	0.075	0.013	NA
1+OP+OB+OP-OP-OP-OP+OB-OB-OB-OB+NNNN+3221117.txt	0.001	0.062	0.029	OP
1+LY+SL+LY-LY-LY-LY+SL-SL-SL-SL+NNNN+0066995.txt	0.0	0.006	0.009	LY
1+LY+SL+LY-LY-LY-LY+SL-SL-SL-SL+NNNN+0183919.txt	0.0	0.019	0.01	LY
1+SP+IT+SP-SP-SP-SP+IT-IT-IT-IT+NNNN+3735162.txt	0.003	0.227	0.138	SP
1+LY+SL+LY-LY-LY-LY+SL-SL-SL-SL+NNNN+0061988.txt	0.0	0.003	0.01	LY
1+IP+DS+IP-IP-IP-IP+DS-DS-DS-DS+NYYY+0124032.txt	0.002	0.067	0.01	IP
1+OP+OB+OP-OP-OP-OP+OB-OB-OB-OB+NNNN+1420159.txt	0.004	0.113	0.068	OP
1+LY+SL+LY-LY-LY-LY+SL-SL-SL-SL+NNNN+0222982.txt	0.0	0.013	0.008	LY
1+IP+DS+IP-IP-IP-IP+DS-DS-DS-DS+NNYY+0424743.txt	0.003	0.039	0.012	IP
1+SP+IT+SP-SP-SP-SP+IT-IT-IT-IT+NNNN+3327154.txt	0.0	0.038	0.019	SP
1+OP+OB+OP-OP-OP-OP+OB-OB-OB-OB+NNNN+0097188.txt	0.0	0.247	0.125	OP
1+LY+SL+LY-LY-LY-LY+PO-SL-SL-SL+NNNN+0330598.txt	0.0	0.052	0.023	LY
1+LY+SL+LY-LY-LY-LY+SL-SL-SL-SL+NNNN+0204979.txt	0.0	0.025	0.015	LY
1+OP+OB+OP-OP-OP-OP+OB-OB-OB-OB+NNNN+0400942.txt	0.0	0.068	0.005	OP
1+SP+IT+SP-SP-SP-SP+IT-IT-IT-IT+NNNN+3362391.txt	0.0	0.079	0.036	SP
1+OP+OB+OP-OP-OP-OP+OB-OB-OB-OB+NNNN+0585784.txt	0.001	0.026	0.004	OP
1+IP+DS+IP-IP-IP-IP+DS-DS-DS-DS+NNNY+0492934.txt	0.0	0.021	0.005	IP
1+NA+NE+NA-NA-NA-NA+NE-NE-NE-NE+NNNN+0215829.txt	0.0	0.025	0.003	NA
1+OP+OB+OP-OP-OP-OP+OB-OB-OB-OB+NNNN+0239195.txt	0.0	0.067	0.007	OP
1+OP+OB+OP-OP-OP-OP+OB-OB-OB-OB+NNNN+0166415.txt	0.0	0.031	0.014	OP
1+LY+SL+LY-LY-LY-LY+SL-SL-SL-SL+NNNN+0257845.txt	0.0	0.003	0.0	LY
1+IP+DS+IP-IP-IP-IP+DS-DS-DS-DS+NNNN+1779659.txt	0.0	0.069	0.043	IP
1+OP+OB+OP-OP-OP-OP+OB-OB-OB-OB+NNNN+0689462.txt	0.003	0.077	0.011	OP
1+IP+DS+IP-IP-IP-IP+DS-DS-DS-DS+NNNN+0357308.txt	0.006	0.078	0.036	IP
1+LY+SL+LY-LY-LY-LY+PO-SL-SL-SL+NNNN+0019429.txt	0.0	0.002	0.007	LY
1+IN+EN+IN-IN-IN-IN+EN-EN-EN-EN+WIKI+9990251.txt	0.003	0.007	0.0	IN
1+IP+DS+IP-IP-IP-IP+DS-DS-DS-DS+NNNY+1434014.txt	0.0	0.04	0.015	IP
1+IN+EN+IN-IN-IN-IN+EN-EN-EN-EN+WIKI+9991629.txt	0.0	0.034	0.003	IN
1+SP+IT+SP-SP-SP-SP+IT-IT-IT-IT+NNNN+0361848.txt	0.001	0.067	0.03	SP
1+OP+OB+OP-OP-OP-OP+OB-OB-OB-OB+NNNN+3016475.txt	0.004	0.04	0.016	OP
1+IN+EN+IN-IN-IN-IN+EN-EN-EN-EN+WIKI+9992335.txt	0.019	0.13	0.093	IN
1+LY+SL+LY-LY-LY-LY+SL-SL-SL-SL+NNNN+0159812.txt	0.0	0.017	0.002	LY
1+IN+EN+IN-IN-IN-IN+EN-EN-EN-EN+WIKI+9990244.txt	0.001	0.015	0.001	IN
1+IP+DS+IP-IP-IP-IP+DS-DS-DS-DS+NNNN+0017965.txt	0.001	0.008	0.001	IP
1+IN+EN+IN-IN-IN-IN+EN-EN-EN-EN+WIKI+9992309.txt	0.004	0.045	0.015	IN
1+OP+OB+OP-OP-OP-OP+OB-OB-OB-OB+NNNN+0007015.txt	0.0	0.064	0.031	OP
1+IN+EN+IN-IN-IN-IN+EN-EN-EN-EN+WIKI+9991614.txt	0.007	0.136	0.008	IN
1+NA+NE+NA-NA-NA-NA+NE-NE-NE-NE+NNNN+0107933.txt	0.001	0.015	0.009	NA
1+SP+IT+SP-SP-SP-SP+IT-IT-IT-IT+NNNN+3364508.txt	0.003	0.12	0.079	SP
1+IP+DS+IP-IP-IP-IP+DS-DS-DS-DS+NNNN+0159405.txt	0.0	0.006	0.0	IP
1+NA+NE+NA-NA-NA-NA+NE-NE-NE-NE+NNNN+0204528.txt	0.0	0.011	0.001	NA
1+SP+IT+NA-SP-SP-SP+SR-IT-IT-IT+NNNN+1486902.txt	0.0	0.059	0.002	SP
1+LY+SL+LY-LY-LY-LY+SL-SL-SL-SL+NNNN+0207929.txt	0.0	0.008	0.007	LY
1+NA+NE+NA-NA-NA-NA+NE-NE-NE-NE+NNNN+0133466.txt	0.001	0.029	0.009	NA
1+NA+NE+NA-NA-NA-NA+NE-NE-NE-NE+NNNN+0272482.txt	0.006	0.507	0.127	NA
1+NA+NE+NA-NA-NA-NA+NE-NE-NE-NE+NNNN+0202165.txt	0.002	0.152	0.031	NA
1+IN+EN+IN-IN-IN-IN+EN-EN-EN-EN+WIKI+9991358.txt	0.007	0.017	0.001	IN
1+IP+DS+IP-IP-IP-IP+DS-DS-DS-DS+NNNY+0055051.txt	0.006	0.113	0.03	IP
1+IP+DS+IP-IP-IP-IP+DS-DS-DS-DS+NNNY+0192254.txt	0.001	0.008	0.002	IP
1+IN+EN+IN-IN-IN-IN+EN-EN-EN-EN+WIKI+9991416.txt	0.0	0.009	0.001	IN
1+NA+NE+NA-NA-NA-NA+NE-NE-NE-NE+NNNN+0116369.txt	0.005	0.034	0.006	NA
1+LY+SL+LY-LY-LY-LY+SL-SL-SL-SL+NNNN+0085212.txt	0.0	0.013	0.0	LY
1+NA+NE+NA-NA-NA-NA+NE-NE-NE-NE+NNNN+0142089.txt	0.007	0.083	0.014	NA
1+NA+NE+NA-NA-NA-NA+NE-NE-NE-NE+NNNN+0248508.txt	0.001	0.016	0.002	NA
1+OP+OB+OP-OP-OP-OP+OB-OB-OB-OB+NNNN+0453466.txt	0.0	0.11	0.042	OP
1+NA+NE+NA-NA-NA-NA+NE-NE-NE-NE+NNNN+0100331.txt	0.0	0.035	0.005	NA
1+SP+IT+NA-SP-SP-SP+ON-IT-IT-IT+NNNN+1478015.txt	0.0	0.104	0.028	SP
1+LY+SL+LY-LY-LY-LY+OL-SL-SL-SL+NNNN+0189406.txt	0.0	0.012	0.017	LY
1+SP+IT+SP-SP-SP-SP+IT-IT-IT-IT+NNNN+3073351.txt	0.0	0.07	0.023	SP
1+NA+NE+NA-NA-NA-NA+NE-NE-NE-NE+NNNN+0188810.txt	0.011	0.063	0.006	NA
1+NA+NE+NA-NA-NA-NA+NE-NE-NE-NE+NNNN+0165224.txt	0.0	0.008	0.003	NA
1+SP+IT+SP-SP-SP-SP+IT-IT-IT-IT+NNNN+3262233.txt	0.001	0.07	0.045	SP
1+SP+IT+OP-SP-SP-SP+OB-IT-IT-IT+NNNN+0592662.txt	0.0	0.102	0.049	SP
1+IN+EN+IN-IN-IN-IN+EN-EN-EN-EN+WIKI+9992255.txt	0.062	0.338	0.087	IN
1+LY+SL+LY-LY-LY-LY+SL-SL-SL-SL+NNNN+0034220.txt	0.0	0.088	0.347	LY
1+LY+SL+LY-LY-LY-LY+PO-SL-SL-SL+NNNN+0796546.txt	0.0	0.003	0.007	LY
1+NA+NE+NA-NA-NA-NA+NE-NE-NE-NE+NNNN+0108221.txt	0.003	0.028	0.005	NA
1+LY+SL+LY-LY-LY-LY+SL-SL-SL-SL+NNNN+0120533.txt	0.0	0.005	0.007	LY
1+NA+NE+NA-NA-NA-NA+NE-NE-NE-NE+NNNN+0136442.txt	0.006	0.153	0.031	NA
1+IP+DS+IP-IP-IP-IP+DS-DS-DS-DS+YYYY+0698314.txt	0.001	0.058	0.027	IP
1+SP+IT+NA-SP-SP-SP+DP-IT-IT-IT+NNNN+1472410.txt	0.0	0.081	0.008	SP
1+IN+EN+IN-IN-IN-IN+EN-EN-EN-EN+WIKI+9992296.txt	0.0	0.031	0.007	IN
1+LY+SL+LY-LY-LY-LY+PO-SL-SL-SL+NNNN+0240320.txt	0.0	0.023	0.016	LY
1+SP+IT+SP-SP-SP-SP+IT-IT-IT-IT+NNNN+0464439.txt	0.0	0.092	0.051	SP
1+LY+SL+LY-LY-LY-LY+SL-SL-SL-SL+NNNN+0069696.txt	0.0	0.003	0.001	LY
1+SP+IT+SP-SP-SP-SP+IT-IT-IT-IT+NNNN+0336898.txt	0.002	0.165	0.034	SP
1+NA+NE+NA-NA-NA-NA+NE-NE-NE-NE+NNNN+0246679.txt	0.0	0.003	0.002	NA
1+IN+EN+IN-IN-IN-IN+EN-EN-EN-EN+WIKI+9990483.txt	0.01	0.024	0.001	IN
1+OP+OB+OP-OP-OP-OP+OB-OB-OB-OB+NNNN+0068229.txt	0.0	0.036	0.017	OP
1+IP+DS+IP-IP-IP-IP+DS-DS-DS-DS+NNYY+0755288.txt	0.0	0.024	0.006	IP
1+NA+NE+NA-NA-NA-NA+NE-NE-NE-NE+NNNN+0111996.txt	0.001	0.032	0.006	NA
1+SP+IT+SP-SP-SP-SP+IT-IT-IT-IT+NNNN+3094279.txt	0.0	0.091	0.036	SP
1+OP+OB+OP-OP-OP-OP+OB-OB-OB-OB+NNNN+3203438.txt	0.014	0.09	0.044	OP
1+LY+SL+LY-LY-LY-LY+PO-SL-SL-SL+NNNN+0190811.txt	0.0	0.013	0.039	LY
1+IN+EN+IN-IN-IN-IN+EN-EN-EN-EN+WIKI+9992914.txt	0.003	0.061	0.01	IN
1+NA+NE+NA-NA-NA-NA+NE-NE-NE-NE+NNNN+0160410.txt	0.0	0.016	0.002	NA
1+NA+NE+NA-NA-NA-NA+NE-NE-NE-NE+NNNN+0157531.txt	0.0	0.01	0.007	NA
1+OP+OB+OP-OP-OP-OP+OB-OB-OB-OB+NNNN+3235149.txt	0.001	0.26	0.076	OP
1+NA+NE+NA-NA-NA-NA+NE-NE-NE-NE+NNNN+0198432.txt	0.002	0.031	0.007	NA
1+SP+IT+SP-SP-SP-SP+IT-IT-IT-IT+NNNN+1466501.txt	0.001	0.157	0.115	SP
1+IN+EN+IN-IN-IN-IN+EN-EN-EN-EN+WIKI+9990939.txt	0.009	0.353	0.044	IN
1+LY+SL+LY-LY-LY-LY+SL-SL-SL-SL+NNNN+0047145.txt	0.0	0.008	0.015	LY
1+IP+DS+IP-IP-IP-IP+DS-DS-DS-DS+NNNN+0613231.txt	0.001	0.049	0.007	IP
1+OP+OB+OP-OP-OP-OP+OB-OB-OB-OB+NNNN+0590361.txt	0.011	0.214	0.041	OP
1+IP+DS+IP-IP-IP-IP+DS-DS-DS-DS+NNNN+3143480.txt	0.001	0.022	0.006	IP
1+IN+EN+IN-IN-IN-IN+EN-EN-EN-EN+WIKI+9990078.txt	0.009	0.092	0.006	IN
1+IP+DS+IP-IP-IP-IP+DS-DS-DS-DS+NNNN+1775262.txt	0.001	0.482	0.151	IP
1+SP+IT+SP-SP-SP-SP+IT-IT-IT-IT+NNNN+0587415.txt	0.0	0.088	0.05	SP
1+IN+EN+IN-IN-IN-IN+EN-EN-EN-EN+WIKI+9992653.txt	0.051	0.29	0.046	IN
1+IN+EN+IN-IN-IN-IN+EN-EN-EN-EN+WIKI+9992121.txt	0.023	0.085	0.008	IN
1+SP+IT+SP-SP-SP-SP+IT-IT-IT-IT+NNNN+0719905.txt	0.0	0.046	0.01	SP
1+IP+DS+IP-IP-IP-IP+DS-DS-DS-DS+NNNY+0716872.txt	0.001	0.045	0.01	IP
1+OP+OB+OP-OP-OP-OP+OB-OB-OB-OB+NNNN+0686785.txt	0.0	0.057	0.007	OP
1+OP+OB+OP-OP-OP-OP+OB-OB-OB-OB+NNNN+3176341.txt	0.0	0.033	0.017	OP
1+IP+DS+IP-IP-IP-IP+DS-DS-DS-DS+NNNY+0612396.txt	0.0	0.03	0.007	IP
1+IN+EN+IN-IN-IN-IN+EN-EN-EN-EN+WIKI+9993940.txt	0.086	0.42	0.086	IN
1+IP+DS+IP-IP-IP-IP+DS-DS-DS-DS+NNNY+0293494.txt	0.001	0.033	0.012	IP
1+IN+EN+IN-IN-IN-IN+EN-EN-EN-EN+WIKI+9993001.txt	0.048	0.331	0.116	IN
1+IN+EN+IN-IN-IN-IN+EN-EN-EN-EN+WIKI+9993767.txt	0.001	0.111	0.024	IN
1+SP+IT+NA-SP-SP-SP+NE-IT-IT-IT+NNNN+3233614.txt	0.002	0.051	0.011	SP
1+IN+EN+IN-IN-IN-IN+EN-EN-EN-EN+WIKI+9992323.txt	0.004	0.074	0.007	IN
1+OP+OB+OP-OP-OP-OP+OB-OB-OB-OB+NNNN+3244388.txt	0.002	0.03	0.008	OP
1+NA+NE+NA-NA-NA-NA+NE-NE-NE-NE+NNNN+0238210.txt	0.0	0.006	0.0	NA
1+NA+NE+NA-NA-NA-NA+NE-NE-NE-NE+NNNN+0194624.txt	0.001	0.03	0.009	NA
1+LY+SL+LY-LY-LY-LY+SL-SL-SL-SL+NNNN+0037110.txt	0.0	0.03	0.03	LY
1+NA+NE+NA-NA-NA-NA+NE-NE-NE-NE+NNNN+0189112.txt	0.0	0.036	0.02	NA
1+OP+OB+OP-OP-OP-OP+OB-OB-OB-OB+NNNN+3005345.txt	0.0	0.021	0.01	OP
1+OP+OB+OP-OP-OP-OP+OB-OB-OB-OB+NNNN+0746563.txt	0.0	0.038	0.002	OP
1+SP+IT+SP-SP-SP-SP+IT-IT-IT-IT+NNNN+0233665.txt	0.004	0.095	0.018	SP
1+IN+EN+IN-IN-IN-IN+EN-EN-EN-EN+WIKI+9993799.txt	0.001	0.04	0.016	IN
1+IP+DS+IP-IP-IP-IP+DS-DS-DS-DS+NNNN+1752435.txt	0.0	0.022	0.004	IP
1+IP+DS+IP-IP-IP-IP+DS-DS-DS-DS+NYYY+0629607.txt	0.002	0.048	0.024	IP
1+IN+EN+IN-IN-IN-IN+EN-EN-EN-EN+WIKI+9991415.txt	0.006	0.158	0.003	IN
1+IN+EN+IN-IN-IN-IN+EN-EN-EN-EN+WIKI+9993216.txt	0.176	0.255	0.05	IN
1+SP+IT+NA-SP-SP-SP+SR-IT-IT-IT+NNNN+3225120.txt	0.0	0.019	0.01	SP
1+IN+EN+IN-IN-IN-IN+EN-EN-EN-EN+WIKI+9991398.txt	0.078	0.271	0.066	IN
1+OP+OB+OP-OP-OP-OP+OB-OB-OB-OB+NNNN+0555996.txt	0.001	0.071	0.032	OP
1+SP+IT+NA-SP-SP-SP+NE-IT-IT-IT+NNNN+0184806.txt	0.005	0.18	0.056	SP
1+LY+SL+LY-LY-LY-LY+SL-SL-SL-SL+NNNN+0261113.txt	0.0	0.004	0.007	LY
1+IN+EN+IN-IN-IN-IN+EN-EN-EN-EN+WIKI+9992054.txt	0.029	0.296	0.02	IN
1+LY+SL+LY-LY-LY-LY+SL-SL-SL-SL+NNNN+0274495.txt	0.0	0.004	0.006	LY
1+OP+OB+OP-OP-OP-OP+OB-OB-OB-OB+NNNN+1740171.txt	0.0	0.032	0.002	OP
1+LY+SL+LY-LY-LY-LY+SL-SL-SL-SL+NNNN+0021410.txt	0.0	0.008	0.0	LY
1+IP+DS+IP-IP-IP-IP+DS-DS-DS-DS+NNNY+0724590.txt	0.0	0.036	0.02	IP
1+IN+EN+IN-IN-IN-IN+EN-EN-EN-EN+WIKI+9993362.txt	0.014	0.243	0.016	IN
1+NA+NE+NA-NA-NA-NA+NE-NE-NE-NE+NNNN+0208073.txt	0.001	0.021	0.001	NA
1+IN+EN+IN-IN-IN-IN+EN-EN-EN-EN+WIKI+9992915.txt	0.0	0.137	0.004	IN
1+LY+SL+LY-LY-LY-LY+SL-SL-SL-SL+NNNN+0021389.txt	0.0	0.006	0.007	LY
1+IN+EN+IN-IN-IN-IN+EN-EN-EN-EN+WIKI+9990327.txt	0.017	0.171	0.022	IN
1+IP+DS+IP-IP-IP-IP+DS-DS-DS-DS+NNNN+1764030.txt	0.0	0.047	0.009	IP
1+SP+IT+SP-SP-SP-SP+IT-IT-IT-IT+NNNN+0794942.txt	0.0	0.012	0.002	SP
1+NA+NE+NA-NA-NA-NA+NE-NE-NE-NE+NNNN+0136482.txt	0.0	0.036	0.009	NA
1+IN+EN+IN-IN-IN-IN+EN-EN-EN-EN+WIKI+9993174.txt	0.004	0.067	0.002	IN
1+IN+EN+IN-IN-IN-IN+EN-EN-EN-EN+WIKI+9991763.txt	0.012	0.075	0.02	IN
1+OP+OB+OP-OP-OP-OP+OB-OB-OB-OB+NNNN+1446792.txt	0.0	0.006	0.001	OP
1+LY+SL+LY-LY-LY-LY+PO-SL-SL-SL+NNNN+0230834.txt	0.0	0.014	0.002	LY
1+IP+DS+IP-IP-IP-IP+DS-DS-DS-DS+NNNY+0407642.txt	0.0	0.04	0.018	IP
1+IN+EN+IN-IN-IN-IN+EN-EN-EN-EN+WIKI+9990496.txt	0.009	0.047	0.028	IN
1+NA+NE+NA-NA-NA-NA+NE-NE-NE-NE+NNNN+0132627.txt	0.001	0.047	0.007	NA
1+SP+IT+SP-SP-SP-SP+IT-IT-IT-IT+NNNN+3000155.txt	0.002	0.053	0.003	SP
1+SP+IT+NA-SP-SP-SP+MA-IT-IT-IT+NNNN+3197685.txt	0.027	0.825	0.031	SP
1+OP+OB+OP-OP-OP-OP+OB-OB-OB-OB+NNNN+3192830.txt	0.0	0.012	0.001	OP
1+NA+NE+NA-NA-NA-NA+NE-NE-NE-NE+NNNN+0139776.txt	0.0	0.013	0.007	NA
1+SP+IT+NA-SP-SP-SP+DP-IT-IT-IT+NNNN+0088465.txt	0.001	0.239	0.0	SP
1+NA+NE+NA-NA-NA-NA+NE-NE-NE-NE+NNNN+0126124.txt	0.0	0.025	0.007	NA
1+IN+EN+IN-IN-IN-IN+EN-EN-EN-EN+WIKI+9993819.txt	0.005	0.033	0.003	IN
1+OP+OB+OP-OP-OP-OP+OB-OB-OB-OB+NNNN+0431838.txt	0.0	0.051	0.025	OP
1+IP+DS+IP-IP-IP-IP+DS-DS-DS-DS+NNYY+0650444.txt	0.001	0.009	0.0	IP
1+NA+NE+NA-NA-NA-NA+NE-NE-NE-NE+NNNN+0251328.txt	0.0	0.044	0.011	NA
1+IN+EN+IN-IN-IN-IN+EN-EN-EN-EN+WIKI+9993158.txt	0.0	0.006	0.014	IN
1+IN+EN+IN-IN-IN-IN+EN-EN-EN-EN+WIKI+9992520.txt	0.0	0.014	0.001	IN
1+OP+OB+OP-OP-OP-OP+OB-OB-OB-OB+NNNN+0445834.txt	0.001	0.052	0.012	OP
1+IP+DS+IP-IP-IP-IP+DS-DS-DS-DS+NNNN+0524971.txt	0.0	0.015	0.005	IP
1+IN+EN+IN-IN-IN-IN+EN-EN-EN-EN+WIKI+9993602.txt	0.0	0.017	0.002	IN
1+OP+OB+OP-OP-OP-OP+OB-OB-OB-OB+NNNN+3239789.txt	0.001	0.08	0.01	OP
1+LY+SL+LY-LY-LY-LY+SL-SL-SL-SL+NNNN+0105575.txt	0.0	0.007	0.006	LY
1+IP+DS+IP-IP-IP-IP+DS-DS-DS-DS+NNNY+0775724.txt	0.001	0.035	0.007	IP
1+SP+IT+SP-SP-SP-SP+IT-IT-IT-IT+NNNN+3063838.txt	0.0	0.048	0.012	SP
1+IP+DS+IP-IP-IP-IP+DS-DS-DS-DS+NNNY+0609374.txt	0.002	0.036	0.009	IP
1+NA+NE+NA-NA-NA-NA+NE-NE-NE-NE+NNNN+0119897.txt	0.001	0.038	0.004	NA
1+LY+SL+LY-LY-LY-LY+SL-SL-SL-SL+NNNN+0062511.txt	0.0	0.021	0.002	LY
1+LY+SL+LY-LY-LY-LY+SL-SL-SL-SL+NNNN+0063948.txt	0.0	0.003	0.013	LY
1+NA+NE+NA-NA-NA-NA+NE-NE-NE-NE+NNNN+0110910.txt	0.0	0.024	0.007	NA
1+IP+DS+IP-IP-IP-IP+DS-DS-DS-DS+NYYY+0449167.txt	0.002	0.096	0.03	IP
1+IN+EN+IN-IN-IN-IN+EN-EN-EN-EN+WIKI+9990055.txt	0.015	0.039	0.0	IN
1+SP+IT+SP-SP-SP-SP+IT-IT-IT-IT+NNNN+0725009.txt	0.0	0.08	0.073	SP
1+IN+EN+IN-IN-IN-IN+EN-EN-EN-EN+WIKI+9993212.txt	0.042	0.135	0.03	IN
1+IP+DS+IP-IP-IP-IP+DS-DS-DS-DS+NNYY+0625193.txt	0.0	0.008	0.004	IP
1+LY+SL+LY-LY-LY-LY+SL-SL-SL-SL+NNNN+0102178.txt	0.0	0.004	0.014	LY
1+LY+SL+LY-LY-LY-LY+SL-SL-SL-SL+NNNN+0279214.txt	0.0	0.005	0.005	LY
1+NA+NE+NA-NA-NA-NA+NE-NE-NE-NE+NNNN+0244123.txt	0.004	0.106	0.028	NA
1+SP+IT+NA-SP-SP-SP+NE-IT-IT-IT+YNNN+0075665.txt	0.003	0.285	0.197	SP
1+LY+SL+LY-LY-LY-LY+SL-SL-SL-SL+NNNN+0270581.txt	0.0	0.003	0.032	LY
1+NA+NE+NA-NA-NA-NA+NE-NE-NE-NE+NNNN+0134497.txt	0.001	0.032	0.002	NA
1+IP+DS+IP-IP-IP-IP+DS-DS-DS-DS+NNNN+0149836.txt	0.001	0.107	0.018	IP
1+LY+SL+LY-LY-LY-LY+SL-SL-SL-SL+NNNN+0139110.txt	0.0	0.011	0.007	LY
1+NA+NE+NA-NA-NA-NA+NE-NE-NE-NE+NNNN+0112445.txt	0.0	0.009	0.007	NA
1+LY+SL+LY-LY-LY-LY+SL-SL-SL-SL+NNNN+0213796.txt	0.0	0.004	0.007	LY
1+OP+OB+OP-OP-OP-OP+OB-OB-OB-OB+NNNN+0555213.txt	0.005	0.137	0.015	OP
1+IP+DS+IP-IP-IP-IP+DS-DS-DS-DS+NNYY+0757510.txt	0.003	0.067	0.015	IP
1+SP+IT+NA-SP-SP-SP+NE-IT-IT-IT+NNNN+3318324.txt	0.0	0.049	0.017	SP
1+LY+SL+LY-LY-LY-LY+SL-SL-SL-SL+NNNN+0176405.txt	0.0	0.029	0.004	LY
1+NA+NE+NA-NA-NA-NA+NE-NE-NE-NE+NNNN+0192709.txt	0.0	0.025	0.002	NA
1+SP+IT+SP-SP-SP-SP +IT-IT-IT-TA+NNNN+0128738.txt	0.0	0.046	0.021	SP
1+NA+NE+NA-NA-NA-NA+NE-NE-NE-NE+NNNN+0236749.txt	0.0	0.01	0.0	NA
1+OP+OB+OP-OP-OP-OP+OB-OB-OB-OB+NNNN+1452325.txt	0.0	0.038	0.005	OP
1+IP+DS+IP-IP-IP-IP+DS-DS-DS-DS+NNNN+1473650.txt	0.014	0.023	0.006	IP
1+LY+SL+LY-LY-LY-LY+SL-SL-SL-SL+NNNN+0058713.txt	0.0	0.008	0.012	LY
1+IP+DS+IP-IP-IP-IP+DS-DS-DS-DS+NNNY+0284311.txt	0.001	0.042	0.015	IP
1+NA+NE+NA-NA-NA-NA+NE-NE-NE-NE+NNNN+0220711.txt	0.006	0.039	0.002	NA
1+IP+DS+IP-IP-IP-IP+DS-DS-DS-DS+NNNN+0731679.txt	0.001	0.029	0.014	IP
1+IP+DS+IP-IP-IP-IP+DS-DS-DS-DS+NNYY+1434087.txt	0.001	0.082	0.02	IP
1+LY+SL+LY-LY-LY-LY+PO-SL-SL-SL+NNNN+0428014.txt	0.0	0.051	0.024	LY
1+OP+OB+OP-OP-OP-OP+OB-OB-OB-OB+NNNN+0459978.txt	0.003	0.075	0.019	OP
1+NA+NE+NA-NA-NA-NA+NE-NE-NE-NE+NNNN+0165550.txt	0.0	0.057	0.015	NA
1+IP+DS+IP-IP-IP-IP+DS-DS-DS-DS+NNNY+0559505.txt	0.0	0.052	0.01	IP
1+LY+SL+LY-LY-LY-LY+SL-SL-SL-SL+NNNN+0276708.txt	0.0	0.185	0.676	LY
1+OP+OB+OP-OP-OP-OP+OB-OB-OB-OB+NNNN+3322182.txt	0.031	0.059	0.015	OP
1+IN+EN+IN-IN-IN-IN+EN-EN-EN-EN+WIKI+9990487.txt	0.027	0.072	0.019	IN
1+IN+EN+IN-IN-IN-IN+EN-EN-EN-EN+WIKI+9990493.txt	0.007	0.028	0.007	IN
1+IN+EN+IN-IN-IN-IN+EN-EN-EN-EN+WIKI+9992284.txt	0.02	0.274	0.091	IN
1+OP+OB+OP-OP-OP-OP+OB-OB-OB-OB+NNNN+1480659.txt	0.0	0.029	0.014	OP
1+IN+EN+IN-IN-IN-IN+EN-EN-EN-EN+WIKI+9993826.txt	0.001	0.014	0.006	IN
1+IP+DS+IP-IP-IP-IP+DS-DS-DS-DS+NYYY+0534212.txt	0.0	0.007	0.0	IP
1+SP+IT+NA-SP-SP-SP+NE-IT-IT-IT+NNNN+3354064.txt	0.001	0.074	0.012	SP
1+LY+SL+LY-LY-LY-LY+SL-SL-SL-SL+NNNN+0221646.txt	0.0	0.015	0.016	LY
1+SP+IT+SP-SP-SP-SP+IT-IT-IT-IT+NNNN+0234051.txt	0.001	0.104	0.097	SP
1+NA+NE+NA-NA-NA-NA+NE-NE-NE-NE+NNNN+0145443.txt	0.001	0.062	0.007	NA
1+IP+DS+IP-IP-IP-IP+DS-DS-DS-DS+YYYY+0350012.txt	0.003	0.041	0.009	IP
1+SP+IT+SP-SP-SP-SP+IT-IT-IT-IT+NNNN+0149200.txt	0.001	0.17	0.081	SP
1+NA+NE+NA-NA-NA-NA+NE-NE-NE-NE+NNNN+0222879.txt	0.001	0.033	0.012	NA
1+OP+OB+OP-OP-OP-OP+OB-OB-OB-OB+NNNN+3187792.txt	0.003	0.177	0.067	OP
1+OP+OB+OP-OP-OP-OP+OB-OB-OB-AV+NYYN+0162730.txt	0.0	0.055	0.032	OP
1+IN+EN+IN-IN-IN-IN+EN-EN-EN-EN+WIKI+9992709.txt	0.004	0.023	0.005	IN
1+IP+DS+IP-IP-IP-IP+DS-DS-DS-DS+NNNY+0643256.txt	0.001	0.046	0.012	IP
1+IP+DS+IP-IP-IP-IP+DS-DS-DS-DS+NNYY+1433932.txt	0.001	0.021	0.002	IP
1+SP+IT+SP-SP-SP-SP+IT-IT-IT-IT+NNNN+3363061.txt	0.0	0.025	0.014	SP
1+OP+OB+OP-OP-OP-OP+OB-OB-OB-OB+NNNN+0417220.txt	0.0	0.017	0.01	OP
1+NA+NE+NA-NA-NA-NA+NE-NE-NE-NE+NNNN+0242960.txt	0.0	0.022	0.004	NA
1+OP+OB+OP-OP-OP-OP+OB-OB-OB-OB+NNNN+3113736.txt	0.0	0.054	0.012	OP
1+IP+DS+IP-IP-IP-IP+DS-DS-DS-DS+NNNY+0008193.txt	0.0	0.007	0.001	IP
1+SP+IT+OP-SP-SP-SP+RV-IT-IT-IT+NNNN+3064752.txt	0.0	0.036	0.007	SP
1+IP+DS+IP-IP-IP-IP+DS-DS-DS-DS+NNNN+0579254.txt	0.001	0.071	0.002	IP
1+SP+IT+NA-SP-SP-SP+NE-IT-IT-IT+NNNN+1405999.txt	0.003	0.164	0.053	SP
1+LY+SL+LY-LY-LY-LY+SL-SL-SL-SL+NNNN+0194131.txt	0.0	0.003	0.013	LY
1+LY+SL+LY-LY-LY-LY+SL-SL-SL-SL+NNNN+0093892.txt	0.0	0.015	0.005	LY
1+LY+SL+LY-LY-LY-LY+SL-SL-SL-SL+NNNN+0154315.txt	0.0	0.003	0.002	LY
1+SP+IT+NA-SP-SP-SP+NE-IT-IT-IT+NNNN+0478468.txt	0.002	0.073	0.019	SP
1+LY+SL+LY-LY-LY-LY+SL-SL-SL-SL+NNNN+0078172.txt	0.0	0.029	0.013	LY
1+IP+DS+IP-IP-IP-IP+DS-DS-DS-DS+NNNN+1450276.txt	0.0	0.012	0.002	IP
1+NA+NE+NA-NA-NA-NA+NE-NE-NE-NE+NNNN+0105661.txt	0.001	0.048	0.012	NA
1+OP+OB+OP-OP-OP-OP+OB-OB-OB-OB+NNNN+0098730.txt	0.002	0.033	0.007	OP
1+IP+DS+IP-IP-IP-IP+DS-DS-DS-DS+NNNN+0106689.txt	0.0	0.016	0.006	IP
1+SP+IT+SP-SP-SP-SP+IT-IT-IT-IT+NNNN+1456638.txt	0.0	0.015	0.024	SP
1+NA+NE+NA-NA-NA-NA+NE-NE-NE-NE+NNNN+0235733.txt	0.004	0.139	0.026	NA
1+IP+DS+IP-IP-IP-IP+DS-DS-DS-DS+NNNY+0626949.txt	0.003	0.038	0.001	IP
1+IP+DS+IP-IP-IP-IP+DS-DS-DS-DS+NNYY+0326653.txt	0.003	0.047	0.006	IP
1+NA+NE+NA-NA-NA-NA+NE-NE-NE-NE+NNNN+0187878.txt	0.003	0.039	0.009	NA
1+NA+NE+NA-NA-NA-NA+NE-NE-NE-NE+NNNN+0260083.txt	0.008	0.066	0.015	NA
1+SP+IT+SP-SP-SP-SP+IT-IT-IT-IT+NNNN+3026976.txt	0.0	0.089	0.056	SP
1+NA+NE+NA-NA-NA-NA+NE-NE-NE-NE+NNNN+0177547.txt	0.001	0.035	0.002	NA
1+IP+DS+IP-IP-IP-IP+DS-DS-DS-DS+NNNY+0349162.txt	0.001	0.104	0.031	IP
1+NA+NE+NA-NA-NA-NA+NE-NE-NE-NE+NNNN+0223186.txt	0.001	0.022	0.002	NA
1+OP+OB+OP-OP-OP-OP+OB-OB-OB-OB+NNNN+0590602.txt	0.003	0.073	0.005	OP
1+LY+SL+LY-LY-LY-LY+SL-SL-SL-SL+NNNN+0183302.txt	0.0	0.047	0.017	LY
1+NA+NE+NA-NA-NA-NA+NE-NE-NE-NE+NNNN+0220672.txt	0.0	0.024	0.008	NA
1+IP+DS+IP-IP-IP-IP+DS-DS-DS-DS+NNNN+0621535.txt	0.005	0.075	0.022	IP
1+OP+OB+OP-OP-OP-OP+OB-OB-OB-OB+NNNN+3212452.txt	0.0	0.034	0.002	OP
1+NA+NE+NA-NA-NA-NA+NE-NE-NE-NE+NNNN+0176315.txt	0.003	0.015	0.005	NA
1+LY+SL+LY-LY-LY-LY+SL-SL-SL-SL+NNNN+0245114.txt	0.0	0.005	0.003	LY
1+LY+SL+LY-LY-LY-LY+SL-SL-SL-SL+NNNN+0291351.txt	0.0	0.041	0.022	LY
1+LY+SL+LY-LY-LY-LY+SL-SL-SL-SL+NNNN+0244222.txt	0.0	0.013	0.007	LY
1+SP+IT+NA-SP-SP-SP+SR-IT-IT-IT+NNNN+0079206.txt	0.0	0.133	0.023	SP
1+IN+EN+IN-IN-IN-IN+EN-EN-EN-EN+WIKI+9992907.txt	0.004	0.038	0.002	IN
1+NA+NE+NA-NA-NA-NA+NE-NE-NE-NE+NNNN+0142846.txt	0.0	0.015	0.009	NA
1+OP+OB+OP-OP-OP-OP+OB-OB-OB-OB+NNNN+1733614.txt	0.001	0.056	0.012	OP
1+OP+OB+OP-OP-OP-OP+OB-OB-OB-OB+NNNN+3073148.txt	0.001	0.074	0.015	OP
1+SP+IT+SP-SP-SP-SP+IT-IT-IT-IT+NNNN+0237767.txt	0.0	0.084	0.042	SP
1+OP+OB+OP-OP-OP-OP+OB-OB-OB-OB+NNNN+0720794.txt	0.0	0.097	0.028	OP
1+NA+NE+NA-NA-NA-NA+NE-NE-NE-NE+NNNN+0145442.txt	0.0	0.01	0.0	NA
1+SP+IT+NA-SP-SP-SP+NE-IT-IT-IT+NNNN+3278216.txt	0.001	0.075	0.022	SP
1+NA+NE+NA-NA-NA-NA+NE-NE-NE-NE+NNNN+0207187.txt	0.004	0.276	0.078	NA
1+OP+OB+OP-OP-OP-OP+OB-OB-OB-OB+NNNN+0618551.txt	0.001	0.016	0.009	OP
1+IN+EN+IN-IN-IN-IN+EN-EN-EN-EN+WIKI+9992250.txt	0.052	0.296	0.032	IN
1+NA+NE+NA-NA-NA-NA+NE-NE-NE-NE+NNNN+0190531.txt	0.001	0.018	0.007	NA
1+LY+SL+LY-LY-LY-LY+SL-SL-SL-SL+NNNN+0213193.txt	0.0	0.007	0.022	LY
1+NA+NE+NA-NA-NA-NA+NE-NE-NE-NE+NNNN+0204465.txt	0.001	0.039	0.008	NA
1+SP+IT+SP-SP-SP-SP+IT-IT-IT-IT+NNNN+3274130.txt	0.0	0.126	0.049	SP
1+SP+IT+NA-SP-SP-SP+NE-IT-IT-IT+NNNN+0621361.txt	0.008	0.357	0.198	SP
1+LY+SL+LY-LY-LY-LY+SL-SL-SL-SL+NNNN+0107610.txt	0.0	0.004	0.023	LY
1+SP+IT+SP-SP-SP-SP+IT-IT-IT-IT+NNNN+3226605.txt	0.0	0.028	0.011	SP
1+IN+EN+IN-IN-IN-IN+EN-EN-EN-EN+WIKI+9991925.txt	0.001	0.03	0.006	IN
1+SP+IT+SP-SP-SP-SP+IT-IT-IT-IT+NNNN+3022418.txt	0.0	0.044	0.003	SP
1+IN+EN+IN-IN-IN-IN+EN-EN-EN-EN+WIKI+9992579.txt	0.036	0.11	0.009	IN
1+IN+EN+IN-IN-IN-IN+EN-EN-EN-EN+WIKI+9990408.txt	0.002	0.007	0.002	IN
1+OP+OB+OP-OP-OP-OP+OB-OB-OB-OB+NNNN+3238169.txt	0.0	0.045	0.012	OP
1+IN+EN+IN-IN-IN-IN+EN-EN-EN-EN+WIKI+9990346.txt	0.022	0.219	0.017	IN
1+SP+IT+SP-SP-SP-SP+IT-IT-IT-IT+NNNN+3343062.txt	0.003	0.061	0.021	SP
1+IP+DS+IP-IP-IP-IP+DS-DS-DS-DS+NNYY+0172815.txt	0.0	0.045	0.009	IP
1+LY+SL+LY-LY-LY-LY+SL-SL-SL-SL+NNNN+0134083.txt	0.0	0.003	0.002	LY
1+SP+IT+NA-SP-SP-SP+NE-IT-IT-IT+NNNN+3146870.txt	0.0	0.077	0.059	SP
1+LY+SL+LY-LY-LY-LY+OL-SL-SL-SL+NNNN+0345015.txt	0.0	0.015	0.007	LY
1+IN+EN+IN-IN-IN-IN+EN-EN-EN-EN+WIKI+9991514.txt	0.003	0.1	0.001	IN
1+IP+DS+IP-IP-IP-IP+DS-DS-DS-DS+NNNY+0069866.txt	0.001	0.02	0.001	IP
1+IN+EN+IN-IN-IN-IN+EN-EN-EN-EN+WIKI+9992747.txt	0.07	0.209	0.072	IN
1+NA+NE+NA-NA-NA-NA+NE-NE-NE-NE+NNNN+0239393.txt	0.0	0.008	0.001	NA
1+IN+EN+IN-IN-IN-IN+EN-EN-EN-EN+WIKI+9990781.txt	0.007	0.166	0.022	IN
1+NA+NE+NA-NA-NA-NA+NE-NE-NE-NE+NNNN+0131987.txt	0.001	0.021	0.006	NA
1+IP+DS+IP-IP-IP-IP+DS-DS-DS-DS+YYYY+0513712.txt	0.0	0.034	0.004	IP
1+NA+NE+NA-NA-NA-NA+NE-NE-NE-NE+NNNN+0191516.txt	0.001	0.044	0.016	NA
1+OP+OB+OP-OP-OP-OP+OB-OB-OB-AV+NNYN+0524714.txt	0.0	0.062	0.061	OP
1+OP+OB+OP-OP-OP-OP+OB-OB-OB-OB+NNNN+0199663.txt	0.0	0.05	0.016	OP
1+LY+SL+LY-LY-LY-LY+SL-SL-SL-SL+NNNN+0124858.txt	0.0	0.003	0.018	LY
1+OP+OB+OP-OP-OP-OP+OB-OB-OB-OB+NNNN+0098964.txt	0.005	0.155	0.026	OP
1+OP+OB+OP-OP-OP-OP+OB-OB-OB-OB+NNNN+3171328.txt	0.002	0.116	0.041	OP
1+OP+OB+OP-OP-OP-OP+OB-OB-OB-OB+NNNN+0502461.txt	0.0	0.108	0.062	OP
1+SP+IT+NA-SP-SP-SP+NE-IT-IT-IT+NNNN+3289459.txt	0.0	0.082	0.027	SP
1+LY+SL+LY-LY-LY-LY+SL-SL-SL-SL+NNNN+0176688.txt	0.0	0.014	0.021	LY
1+IP+DS+IP-IP-IP-IP+DS-DS-DS-DS+NNNN+0585089.txt	0.0	0.015	0.006	IP
1+OP+OB+OP-OP-OP-OP+OB-OB-OB-OB+NNNN+3195723.txt	0.0	0.014	0.003	OP
1+OP+OB+OP-OP-OP-OP+OB-OB-OB-OB+NNNN+0269716.txt	0.0	0.062	0.012	OP
1+IN+EN+IN-IN-IN-IN+EN-EN-EN-EN+WIKI+9993707.txt	0.027	0.257	0.086	IN
1+IP+DS+IP-IP-IP-IP+DS-DS-DS-DS+NNNY+0757655.txt	0.003	0.069	0.037	IP
1+SP+IT+SP-SP-SP-SP+IT-IT-IT-IT+NNNN+0158960.txt	0.0	0.056	0.006	SP
1+LY+SL+LY-LY-LY-LY+SL-SL-SL-SL+NNNN+0027411.txt	0.0	0.004	0.009	LY
1+IN+EN+IN-IN-IN-IN+EN-EN-EN-EN+WIKI+9992342.txt	0.001	0.032	0.004	IN
1+SP+IT+NA-SP-SP-SP+NE-IT-IT-IT+NNNN+0184325.txt	0.016	0.078	0.023	SP
1+IP+DS+IP-IP-IP-IP+DS-DS-DS-DS+NYYY+0280414.txt	0.0	0.027	0.003	IP
1+SP+IT+NA-SP-SP-SP+NE-IT-IT-IT+NNNN+0222214.txt	0.001	0.085	0.042	SP
1+IN+EN+IN-IN-IN-IN+EN-EN-EN-EN+WIKI+9991111.txt	0.004	0.015	0.003	IN
1+LY+SL+LY-LY-LY-LY+SL-SL-SL-SL+NNNN+0262136.txt	0.0	0.007	0.011	LY
1+OP+OB+OP-OP-OP-OP+OB-OB-OB-OB+NNNN+3173258.txt	0.0	0.007	0.001	OP
1+NA+NE+NA-NA-NA-NA+NE-NE-NE-NE+NNNN+0200063.txt	0.0	0.015	0.001	NA
1+IN+EN+IN-IN-IN-IN+EN-EN-EN-EN+WIKI+9992154.txt	0.041	0.456	0.089	IN
1+NA+NE+NA-NA-NA-NA+NE-NE-NE-NE+NNNN+0202338.txt	0.0	0.026	0.018	NA
1+SP+IT+SP-SP-SP-SP+IT-IT-IT-IT+NNNN+3752776.txt	0.0	0.1	0.041	SP
1+LY+SL+LY-LY-LY-LY+SL-SL-SL-SL+NNNN+0225057.txt	0.0	0.064	0.005	LY
1+OP+OB+OP-OP-OP-OP+OB-OB-OB-OB+NNNN+0071321.txt	0.001	0.174	0.064	OP
1+IP+DS+IP-IP-IP-IP+DS-DS-DS-DS+NNNY+0338448.txt	0.001	0.014	0.0	IP
1+IP+DS+IP-IP-IP-IP+DS-DS-DS-DS+NNNY+0538175.txt	0.026	0.116	0.023	IP
1+NA+NE+NA-NA-NA-NA+NE-NE-NE-NE+NNNN+0180220.txt	0.001	0.063	0.012	NA
1+NA+NE+NA-NA-NA-NA+NE-NE-NE-NE+NNNN+0239219.txt	0.0	0.051	0.014	NA
1+LY+SL+LY-LY-LY-LY+SL-SL-SL-SL+NNNN+0238827.txt	0.0	0.006	0.014	LY
1+LY+SL+LY-LY-LY-LY+SL-SL-SL-SL+NNNN+0016586.txt	0.0	0.02	0.007	LY
1+IP+DS+IP-IP-IP-IP+DS-DS-DS-DS+NNNY+0569312.txt	0.001	0.014	0.003	IP
1+IP+DS+IP-IP-IP-IP+DS-DS-DS-DS+NNNY+3177112.txt	0.001	0.026	0.012	IP
1+OP+OB+NA-OP-OP-OP+DP-OB-OB-OB+NNNY+0328367.txt	0.001	0.028	0.013	OP
1+IP+DS+IP-IP-IP-IP+DS-DS-DS-DS+NNNN+0790005.txt	0.001	0.038	0.003	IP
1+OP+OB+OP-OP-OP-OP+OB-OB-OB-OB+NNNN+0359213.txt	0.0	0.042	0.015	OP
1+IP+DS+IP-IP-IP-IP+DS-DS-DS-DS+NNNY+0511097.txt	0.0	0.011	0.002	IP
1+IP+DS+IP-IP-IP-IP+DS-DS-DS-DS+NNYY+0603911.txt	0.0	0.026	0.003	IP
1+SP+IT+SP-SP-SP-SP+IT-IT-IT-IT+NNNN+3027207.txt	0.002	0.103	0.042	SP
1+IN+EN+IN-IN-IN-IN+EN-EN-EN-EN+WIKI+9993699.txt	0.0	0.021	0.011	IN
1+OP+OB+OP-OP-OP-OP+OB-OB-OB-AV+NNNN+3710669.txt	0.0	0.171	0.087	OP
1+LY+SL+LY-LY-LY-LY+SL-SL-SL-SL+NNNN+0287958.txt	0.0	0.006	0.0	LY
1+IN+EN+IN-IN-IN-IN+EN-EN-EN-EN+WIKI+9991918.txt	0.007	0.266	0.006	IN
1+IP+DS+IP-IP-IP-IP+DS-DS-DS-DS+NNNY+0628647.txt	0.0	0.012	0.001	IP
1+NA+NE+NA-NA-NA-NA+NE-NE-NE-NE+NNNN+0246632.txt	0.001	0.047	0.011	NA
1+IP+DS+IP-IP-IP-IP+DS-DS-DS-DS+NNNY+1792958.txt	0.002	0.015	0.002	IP
1+LY+SL+LY-LY-LY-LY+SL-SL-SL-SL+NNNN+0193015.txt	0.0	0.002	0.008	LY
1+SP+IT+SP-SP-SP-SP+IT-IT-IT-IT+NNNN+3022396.txt	0.001	0.088	0.005	SP
1+SP+IT+SP-SP-SP-SP+IT-IT-IT-IT+NNNN+0144225.txt	0.0	0.158	0.058	SP
1+OP+OB+OP-OP-OP-OP+OB-OB-OB-OB+NNNN+0226610.txt	0.0	0.024	0.005	OP
1+SP+IT+NA-SP-SP-SP+NE-IT-IT-IT+NNNN+0491481.txt	0.005	0.226	0.141	SP
1+IP+DS+IP-IP-IP-IP+DS-DS-DS-DS+NNYY+0411411.txt	0.004	0.096	0.025	IP
1+OP+OB+OP-OP-OP-OP+OB-OB-OB-OB+NNNN+0795611.txt	0.001	0.034	0.018	OP
1+IP+DS+IP-IP-IP-IP+DS-DS-DS-DS+NYYY+1774515.txt	0.001	0.035	0.008	IP
1+IN+EN+IN-IN-IN-IN+EN-EN-EN-EN+WIKI+9991729.txt	0.027	0.094	0.012	IN
1+NA+NE+NA-NA-NA-NA+NE-NE-NE-NE+NNNN+0178214.txt	0.0	0.029	0.015	NA
1+IP+DS+IP-IP-IP-IP+DS-DS-DS-DS+NNYY+0442277.txt	0.001	0.043	0.007	IP
1+NA+NE+NA-NA-NA-NA+NE-NE-NE-NE+NNNN+0104644.txt	0.0	0.019	0.002	NA
1+LY+SL+LY-LY-LY-LY+PO-SL-SL-SL+NNNN+0099671.txt	0.0	0.012	0.006	LY
1+IN+EN+IN-IN-IN-IN+EN-EN-EN-EN+WIKI+9990972.txt	0.056	0.245	0.027	IN
1+SP+IT+SP-SP-SP-SP +IT-IT-IT-TA+NNNN+3101104.txt	0.007	0.095	0.017	SP
1+LY+SL+LY-LY-LY-LY+SL-SL-SL-SL+NNNN+0165393.txt	0.0	0.007	0.007	LY
1+LY+SL+LY-LY-LY-LY+SL-SL-SL-SL+NNNN+0108157.txt	0.0	0.009	0.004	LY
1+SP+IT+SP-SP-SP-SP+IT-IT-IT-IT+NNNN+0339869.txt	0.001	0.066	0.044	SP
1+NA+NE+NA-NA-NA-NA+NE-NE-NE-NE+NNNN+0236074.txt	0.0	0.085	0.02	NA
1+IN+EN+IN-IN-IN-IN+EN-EN-EN-EN+WIKI+9992156.txt	0.038	0.176	0.035	IN
1+LY+SL+LY-LY-LY-LY+SL-SL-SL-SL+NNNN+0166895.txt	0.0	0.003	0.025	LY
1+NA+NE+NA-NA-NA-NA+NE-NE-NE-NE+NNNN+0225020.txt	0.0	0.021	0.013	NA
1+OP+OB+OP-OP-OP-OP+OB-OB-OB-OB+NNNN+0664011.txt	0.005	0.792	0.261	OP
1+LY+SL+LY-LY-LY-LY+SL-SL-SL-SL+NNNN+0188555.txt	0.0	0.007	0.008	LY
1+LY+SL+LY-LY-LY-LY+SL-SL-SL-SL+NNNN+0239130.txt	0.0	0.005	0.011	LY
1+LY+SL+LY-LY-LY-LY+SL-SL-SL-SL+NNNN+0023660.txt	0.0	0.008	0.025	LY
1+LY+SL+LY-LY-LY-LY+SL-SL-SL-SL+NNNN+0255996.txt	0.0	0.003	0.009	LY
1+IP+DS+IP-IP-IP-IP+DS-DS-DS-DS+NNYY+0679890.txt	0.001	0.086	0.027	IP
1+OP+OB+OP-OP-OP-OP+OB-OB-OB-OB+NNNN+0335043.txt	0.0	0.02	0.019	OP
1+SP+IT+SP-SP-SP-SP+IT-IT-IT-IT+NNNN+0135556.txt	0.005	0.107	0.024	SP
1+NA+NE+NA-NA-NA-NA+NE-NE-NE-NE+NNNN+0176199.txt	0.002	0.036	0.016	NA
1+NA+NE+NA-NA-NA-NA+NE-NE-NE-NE+NNNN+0172466.txt	0.0	0.022	0.001	NA
1+IN+EN+IN-IN-IN-IN+EN-EN-EN-EN+WIKI+9990595.txt	0.011	0.173	0.04	IN
1+OP+OB+OP-OP-OP-OP+OB-OB-OB-OB+NNNN+1730998.txt	0.001	0.023	0.005	OP
1+NA+NE+NA-NA-NA-NA+NE-NE-NE-NE+NNNN+0124152.txt	0.0	0.037	0.011	NA
1+SP+IT+NA-SP-SP-SP+NE-IT-IT-IT+NNNN+0210272.txt	0.0	0.055	0.023	SP
1+NA+NE+NA-NA-NA-NA+NE-NE-NE-NE+NNNN+0125516.txt	0.0	0.047	0.011	NA
1+LY+SL+LY-LY-LY-LY+PO-SL-SL-SL+NNNN+0083984.txt	0.0	0.0	0.006	LY
1+NA+NE+NA-NA-NA-NA+NE-NE-NE-NE+NNNN+0228277.txt	0.001	0.015	0.001	NA
1+IN+EN+IN-IN-IN-IN+EN-EN-EN-EN+WIKI+9990740.txt	0.01	0.112	0.027	IN
1+NA+NE+NA-NA-NA-NA+NE-NE-NE-NE+NNNN+0119984.txt	0.003	0.024	0.01	NA
1+IP+DS+IP-IP-IP-IP+DS-DS-DS-DS+NNYY+0149936.txt	0.0	0.01	0.0	IP
1+NA+NE+NA-NA-NA-NA+NE-NE-NE-NE+NNNN+0107210.txt	0.001	0.034	0.006	NA
1+OP+OB+OP-OP-OP-OP+OB-OB-OB-OB+NNNN+0163097.txt	0.0	0.136	0.033	OP
1+OP+OB+OP-OP-OP-OP+OB-OB-OB-OB+NNNN+0780157.txt	0.033	0.214	0.061	OP
1+IN+EN+IN-IN-IN-IN+EN-EN-EN-EN+WIKI+9991462.txt	0.034	0.184	0.027	IN
1+LY+SL+LY-LY-LY-LY+SL-SL-SL-SL+NNNN+0124457.txt	0.0	0.003	0.012	LY
1+SP+IT+SP-SP-SP-SP+IT-IT-IT-IT+NNNN+3115895.txt	0.0	0.089	0.052	SP
1+OP+OB+OP-OP-OP-OP+OB-OB-OB-OB+NNNN+0166662.txt	0.0	0.122	0.04	OP
1+NA+NE+NA-NA-NA-NA+NE-NE-NE-NE+NNNN+0176402.txt	0.003	0.112	0.022	NA
1+SP+IT+NA-SP-SP-SP+NE-IT-IT-IT+NNNN+0192949.txt	0.0	0.012	0.012	SP
1+LY+SL+LY-LY-LY-LY+SL-SL-SL-SL+NNNN+0089460.txt	0.0	0.023	0.0	LY
1+NA+NE+NA-NA-NA-NA+NE-NE-NE-NE+NNNN+0208158.txt	0.002	0.033	0.004	NA
1+LY+SL+LY-LY-LY-LY+SL-SL-SL-SL+NNNN+0114392.txt	0.0	0.025	0.0	LY
1+SP+IT+SP-SP-SP-SP+IT-IT-IT-IT+NNNN+3225871.txt	0.005	0.467	0.26	SP
1+IN+EN+IN-IN-IN-IN+EN-EN-EN-EN+WIKI+9991516.txt	0.05	0.288	0.025	IN
1+IN+EN+IN-IN-IN-IN+EN-EN-EN-EN+WIKI+9992792.txt	0.029	0.091	0.027	IN
1+SP+IT+OP-SP-SP-SP+OB-IT-IT-IT+NNNN+1750413.txt	0.001	0.079	0.014	SP
1+SP+IT+NA-SP-SP-SP+NE-IT-IT-IT+YNNN+0043788.txt	0.0	0.055	0.064	SP
1+LY+SL+LY-LY-LY-LY+SL-SL-SL-SL+NNNN+0159245.txt	0.0	0.003	0.002	LY
1+OP+OB+OP-OP-OP-OP+OB-OB-OB-OB+NNNN+0666954.txt	0.0	0.18	0.082	OP
1+IP+DS+IP-IP-IP-IP+DS-DS-DS-DS+NNNY+0673695.txt	0.0	0.036	0.009	IP
1+LY+SL+LY-LY-LY-LY+SL-SL-SL-SL+NNNN+0101589.txt	0.0	0.019	0.03	LY
1+IN+EN+IN-IN-IN-IN+EN-EN-EN-EN+WIKI+9993665.txt	0.0	0.006	0.0	IN
1+OP+OB+OP-OP-OP-OP+OB-OB-OB-OB+NNNN+0485336.txt	0.0	0.048	0.029	OP
1+LY+SL+LY-LY-LY-LY+PO-SL-SL-SL+NNNN+0036256.txt	0.0	0.004	0.009	LY
1+NA+NE+NA-NA-NA-NA+NE-NE-NE-NE+NNNN+0141686.txt	0.001	0.02	0.003	NA
1+IN+EN+IN-IN-IN-IN+EN-EN-EN-EN+WIKI+9992225.txt	0.016	0.111	0.014	IN
1+SP+IT+SP-SP-SP-SP+IT-IT-IT-IT+NNNN+0297017.txt	0.0	0.045	0.028	SP
1+IN+EN+IN-IN-IN-IN+EN-EN-EN-EN+WIKI+9991704.txt	0.031	0.221	0.044	IN
1+SP+IT+NA-SP-SP-SP+SR-IT-IT-IT+NNNN+3709060.txt	0.0	0.084	0.023	SP
1+SP+IT+SP-SP-SP-SP+IT-IT-IT-IT+NNNN+0334233.txt	0.0	0.028	0.005	SP
1+OP+OB+OP-OP-OP-OP+OB-OB-OB-OB+NNNN+1720184.txt	0.005	0.14	0.032	OP
1+IN+EN+IN-IN-IN-IN+EN-EN-EN-EN+WIKI+9991512.txt	0.017	0.269	0.015	IN
1+OP+OB+OP-OP-OP-OP+OB-OB-OB-AV+NNNN+0471591.txt	0.0	0.042	0.008	OP
1+IN+EN+IN-IN-IN-IN+EN-EN-EN-EN+WIKI+9992769.txt	0.0	0.031	0.0	IN
1+LY+SL+LY-LY-LY-LY+SL-SL-SL-SL+NNNN+0213441.txt	0.0	0.025	0.092	LY
1+SP+IT+NA-SP-SP-SP+SR-IT-IT-IT+NNNN+0222436.txt	0.001	0.053	0.0	SP
1+IP+DS+IP-IP-IP-IP+DS-DS-DS-DS+NNNN+1743775.txt	0.002	0.028	0.003	IP
1+IP+DS+IP-IP-IP-IP+DS-DS-DS-DS+NNYY+1434146.txt	0.0	0.006	0.001	IP
1+IN+EN+IN-IN-IN-IN+EN-EN-EN-EN+WIKI+9992806.txt	0.054	0.313	0.044	IN
1+IP+DS+IP-IP-IP-IP+DS-DS-DS-DS+NNNY+0549614.txt	0.008	0.075	0.021	IP
1+OP+OB+OP-OP-OP-OP+OB-OB-OB-OB+NNNN+0626970.txt	0.013	0.241	0.034	OP
1+LY+SL+LY-LY-LY-LY+SL-SL-SL-SL+NNNN+0095924.txt	0.0	0.025	0.009	LY
1+OP+OB+OP-OP-OP-OP+OB-OB-OB-OB+NNNN+3108410.txt	0.0	0.006	0.002	OP
1+LY+SL+LY-LY-LY-LY+SL-SL-SL-SL+NNNN+0262125.txt	0.0	0.005	0.002	LY
1+SP+IT+SP-SP-SP-SP +IT-IT-IT-TA+NNNN+3716356.txt	0.0	0.079	0.012	SP
1+SP+IT+OP-SP-SP-SP+RV-IT-IT-IT+NNNN+0705389.txt	0.001	0.149	0.096	SP
1+IP+DS+IP-IP-IP-IP+DS-DS-DS-DS+NNYY+0189069.txt	0.003	0.043	0.011	IP
1+LY+SL+LY-LY-LY-LY+SL-SL-SL-SL+NNNN+0182914.txt	0.0	0.043	0.024	LY
1+SP+IT+NA-SP-SP-SP+NE-IT-IT-IT+YNNN+3747626.txt	0.0	0.055	0.011	SP
1+OP+OB+OP-OP-OP-OP+OB-OB-OB-AV+NNYN+0158412.txt	0.0	0.033	0.012	OP
1+SP+IT+SP-SP-SP-SP+IT-IT-IT-IT+NNNN+0238964.txt	0.008	0.772	0.162	SP
1+LY+SL+LY-LY-LY-LY+PO-SL-SL-SL+NNNN+1424607.txt	0.0	0.014	0.006	LY
1+LY+SL+LY-LY-LY-LY+SL-SL-SL-SL+NNNN+0129360.txt	0.0	0.003	0.001	LY
1+IP+DS+IP-IP-IP-IP+DS-DS-DS-DS+NNNY+0685714.txt	0.003	0.027	0.006	IP
1+SP+IT+NA-SP-SP-SP+NE-IT-IT-IT+NNNN+0520886.txt	0.0	0.06	0.057	SP
1+IN+EN+IN-IN-IN-IN+EN-EN-EN-EN+WIKI+9990209.txt	0.0	0.012	0.006	IN
1+LY+SL+LY-LY-LY-LY+SL-SL-SL-SL+NNNN+0177234.txt	0.0	0.009	0.005	LY
1+IN+EN+IN-IN-IN-IN+EN-EN-EN-EN+WIKI+9991881.txt	0.003	0.027	0.002	IN
1+NA+NE+NA-NA-NA-NA+NE-NE-NE-NE+NNNN+0139890.txt	0.0	0.016	0.004	NA
1+NA+NE+NA-NA-NA-NA+NE-NE-NE-NE+NNNN+0127304.txt	0.0	0.014	0.002	NA
1+SP+IT+OP-SP-SP-SP+OB-IT-IT-IT+NNNN+1758466.txt	0.001	0.1	0.029	SP
1+IP+DS+IP-IP-IP-IP+DS-DS-DS-DS+NNYY+0156436.txt	0.001	0.076	0.026	IP
1+SP+IT+SP-SP-SP-SP+IT-IT-IT-IT+NNNN+3165813.txt	0.001	0.1	0.025	SP
1+NA+NE+NA-NA-NA-NA+NE-NE-NE-NE+NNNN+0160067.txt	0.001	0.058	0.007	NA
1+LY+SL+LY-LY-LY-LY+SL-SL-SL-SL+NNNN+0103210.txt	0.0	0.003	0.008	LY
1+SP+IT+SP-SP-SP-SP+IT-IT-IT-IT+NNNN+0723368.txt	0.0	0.11	0.046	SP
1+IP+DS+IP-IP-IP-IP+DS-DS-DS-DS+NNNN+0726560.txt	0.001	0.037	0.013	IP
1+NA+NE+NA-NA-NA-NA+NE-NE-NE-NE+NNNN+0147631.txt	0.0	0.05	0.025	NA
1+NA+NE+NA-NA-NA-NA+NE-NE-NE-NE+NNNN+0205492.txt	0.001	0.078	0.009	NA
1+LY+SL+LY-LY-LY-LY+SL-SL-SL-SL+NNNN+0080441.txt	0.0	0.01	0.118	LY
1+NA+NE+NA-NA-NA-NA+NE-NE-NE-NE+NNNN+0137473.txt	0.0	0.067	0.014	NA
1+LY+SL+LY-LY-LY-LY+SL-SL-SL-SL+NNNN+0056013.txt	0.0	0.004	0.004	LY
1+SP+IT+NA-SP-SP-SP+PB-IT-IT-IT+NNNN+3792056.txt	0.0	0.024	0.006	SP
1+LY+SL+LY-LY-LY-LY+SL-SL-SL-SL+NNNN+0120813.txt	0.0	0.004	0.027	LY
1+IP+DS+IP-IP-IP-IP+DS-DS-DS-DS+NNNN+0733192.txt	0.01	0.365	0.063	IP
1+OP+OB+OP-OP-OP-OP+OB-OB-OB-OB+NNNN+3293919.txt	0.0	0.026	0.02	OP
1+IN+EN+IN-IN-IN-IN+EN-EN-EN-EN+WIKI+9992754.txt	0.005	0.037	0.011	IN
1+SP+IT+SP-SP-SP-SP+IT-IT-IT-IT+NNNN+0148802.txt	0.001	0.109	0.027	SP
1+IN+EN+IN-IN-IN-IN+EN-EN-EN-EN+WIKI+9992032.txt	0.018	0.232	0.029	IN
1+OP+OB+OP-OP-OP-OP+OB-OB-OB-OB+NNNN+0441615.txt	0.0	0.093	0.024	OP
1+OP+OB+OP-OP-OP-OP+OB-OB-OB-OB+NNNN+0190913.txt	0.001	0.079	0.048	OP
1+IP+DS+IP-IP-IP-IP+DS-DS-DS-DS+NNNN+0449916.txt	0.0	0.046	0.006	IP
1+LY+SL+LY-LY-LY-LY+SL-SL-SL-SL+NNNN+0043224.txt	0.002	0.104	0.065	LY
1+IN+EN+IN-IN-IN-IN+EN-EN-EN-EN+WIKI+9991705.txt	0.005	0.076	0.017	IN
1+IN+EN+IN-IN-IN-IN+EN-EN-EN-EN+WIKI+9991063.txt	0.037	0.329	0.099	IN
1+OP+OB+OP-OP-OP-OP+OB-OB-OB-OB+NNNN+0638187.txt	0.0	0.056	0.018	OP
1+IP+DS+IP-IP-IP-IP+DS-DS-DS-DS+NNYY+0136275.txt	0.012	0.072	0.014	IP
1+IP+DS+IP-IP-IP-IP+DS-DS-DS-DS+NNNY+0244585.txt	0.0	0.01	0.0	IP
1+OP+OB+OP-OP-OP-OP+OB-OB-OB-OB+NNNN+3200432.txt	0.001	0.134	0.038	OP
1+IN+EN+IN-IN-IN-IN+EN-EN-EN-EN+WIKI+9991922.txt	0.01	0.063	0.007	IN
1+IN+EN+IN-IN-IN-IN+EN-EN-EN-EN+WIKI+9991088.txt	0.033	0.193	0.017	IN
1+IP+DS+IP-IP-IP-IP+DS-DS-DS-DS+NNNY+3076008.txt	0.001	0.031	0.005	IP
1+LY+SL+LY-LY-LY-LY+SL-SL-SL-SL+NNNN+0187714.txt	0.0	0.03	0.004	LY
1+NA+NE+NA-NA-NA-NA+NE-NE-NE-NE+NNNN+0243002.txt	0.001	0.037	0.013	NA
1+IP+DS+IP-IP-IP-IP+DS-DS-DS-DS+NNYY+1486481.txt	0.0	0.006	0.001	IP
1+IP+DS+IP-IP-IP-IP+DS-DS-DS-DS+NNNN+0620259.txt	0.0	0.008	0.002	IP
1+LY+SL+LY-LY-LY-LY+SL-SL-SL-SL+NNNN+0198813.txt	0.0	0.008	0.006	LY
1+NA+NE+NA-NA-NA-NA+NE-NE-NE-NE+NNNN+0146883.txt	0.001	0.062	0.012	NA
1+IP+DS+IP-IP-IP-IP+DS-DS-DS-DS+NNNY+0016912.txt	0.0	0.027	0.0	IP
1+LY+SL+LY-LY-LY-LY+SL-SL-SL-SL+NNNN+0007470.txt	0.0	0.006	0.035	LY
1+OP+OB+OP-OP-OP-OP+OB-OB-OB-OB+NNNN+3294053.txt	0.001	0.03	0.019	OP
1+OP+OB+OP-OP-OP-OP+OB-OB-OB-OB+NNNN+0165556.txt	0.0	0.024	0.007	OP
1+LY+SL+LY-LY-LY-LY+SL-SL-SL-SL+NNNN+0000445.txt	0.0	0.003	0.011	LY
1+IP+DS+IP-IP-IP-IP+DS-DS-DS-DS+NNYY+0187325.txt	0.002	0.03	0.013	IP
1+SP+IT+NA-SP-SP-SP+DP-IT-IT-IT+NNNN+3040275.txt	0.0	0.04	0.028	SP
1+IP+DS+IP-IP-IP-IP+DS-DS-DS-DS+NNYY+0482733.txt	0.005	0.08	0.026	IP
1+IP+DS+IP-IP-IP-IP+DS-DS-DS-DS+NYYY+0341112.txt	0.001	0.006	0.001	IP
1+IN+EN+IN-IN-IN-IN+EN-EN-EN-EN+WIKI+9990633.txt	0.03	0.173	0.021	IN
1+LY+SL+LY-LY-LY-LY+SL-SL-SL-SL+NNNN+0021312.txt	0.0	0.154	0.223	LY
1+OP+OB+OP-OP-OP-OP+OB-OB-OB-OB+NNNN+3024927.txt	0.0	0.024	0.009	OP
1+NA+NE+NA-NA-NA-NA+NE-NE-NE-NE+NNNN+0115015.txt	0.0	0.012	0.001	NA
1+NA+NE+NA-NA-NA-NA+NE-NE-NE-NE+NNNN+0272022.txt	0.0	0.059	0.025	NA
1+IP+DS+IP-IP-IP-IP+DS-DS-DS-DS+NNYY+3735539.txt	0.0	0.016	0.007	IP
1+NA+NE+NA-NA-NA-NA+NE-NE-NE-NE+NNNN+0117951.txt	0.0	0.014	0.0	NA
1+SP+IT+SP-SP-SP-SP+IT-IT-IT-IT+NNNN+3058986.txt	0.002	0.068	0.021	SP
1+LY+SL+LY-LY-LY-LY+SL-SL-SL-SL+NNNN+0082254.txt	0.0	0.004	0.023	LY
1+SP+IT+NA-SP-SP-SP+NE-IT-IT-IT+NNNN+0541705.txt	0.0	0.016	0.011	SP
1+SP+IT+SP-SP-SP-SP +IT-IT-IT-TA+NNNN+0438971.txt	0.0	0.237	0.0	SP
1+OP+OB+OP-OP-OP-OP+OB-OB-OB-OB+NNNN+0042062.txt	0.0	0.086	0.029	OP
1+NA+NE+NA-NA-NA-NA+NE-NE-NE-NE+NNNN+0219907.txt	0.0	0.018	0.004	NA
1+OP+OB+OP-OP-OP-OP+OB-OB-OB-OB+NNNN+3157659.txt	0.0	0.017	0.001	OP
1+IP+DS+IP-IP-IP-IP+DS-DS-DS-DS+NNNY+0227815.txt	0.0	0.084	0.031	IP
1+OP+OB+OP-OP-OP-OP+OB-OB-OB-OB+NNNN+3167215.txt	0.003	0.303	0.099	OP
1+SP+IT+NA-SP-SP-SP+NE-IT-IT-IT+NNNN+3038763.txt	0.001	0.145	0.081	SP
1+LY+SL+LY-LY-LY-LY+SL-SL-SL-SL+NNNN+0163243.txt	0.0	0.01	0.016	LY
1+LY+SL+LY-LY-LY-LY+SL-SL-SL-SL+NNNN+0021702.txt	0.0	0.01	0.02	LY
1+OP+OB+OP-OP-OP-OP+OB-OB-OB-OB+NNNN+3217951.txt	0.0	0.005	0.0	OP
1+IN+EN+IN-IN-IN-IN+EN-EN-EN-EN+WIKI+9991673.txt	0.074	0.394	0.122	IN
1+NA+NE+NA-NA-NA-NA+NE-NE-NE-NE+NNNN+0143125.txt	0.001	0.043	0.023	NA
1+IN+EN+IN-IN-IN-IN+EN-EN-EN-EN+WIKI+9991667.txt	0.041	0.21	0.004	IN
1+SP+IT+SP-SP-SP-SP+IT-IT-IT-IT+NNNN+3073054.txt	0.001	0.085	0.011	SP
1+SP+IT+SP-SP-SP-SP+IT-IT-IT-IT+NNNN+3132021.txt	0.002	0.066	0.036	SP
1+IN+EN+IN-IN-IN-IN+EN-EN-EN-EN+WIKI+9990222.txt	0.009	0.022	0.005	IN
1+IN+EN+IN-IN-IN-IN+EN-EN-EN-EN+WIKI+9990236.txt	0.004	0.016	0.002	IN
1+LY+SL+LY-LY-LY-LY+PO-SL-SL-SL+NNNN+0674412.txt	0.0	0.009	0.0	LY
1+IP+DS+IP-IP-IP-IP+DS-DS-DS-DS+NNNN+3156957.txt	0.0	0.023	0.002	IP
1+LY+SL+LY-LY-LY-LY+SL-SL-SL-SL+NNNN+0163732.txt	0.0	0.003	0.01	LY
1+LY+SL+LY-LY-LY-LY+SL-SL-SL-SL+NNNN+0126508.txt	0.0	0.006	0.004	LY
1+NA+NE+NA-NA-NA-NA+NE-NE-NE-NE+NNNN+0204002.txt	0.0	0.044	0.008	NA
1+LY+SL+LY-LY-LY-LY+SL-SL-SL-SL+NNNN+0056010.txt	0.0	0.002	0.013	LY
1+IP+DS+IP-IP-IP-IP+DS-DS-DS-DS+NYYY+0677911.txt	0.0	0.007	0.001	IP
1+IN+EN+IN-IN-IN-IN+EN-EN-EN-EN+WIKI+9990961.txt	0.002	0.012	0.002	IN
1+IN+EN+IN-IN-IN-IN+EN-EN-EN-EN+WIKI+9992838.txt	0.0	0.069	0.017	IN
1+SP+IT+OP-SP-SP-SP+OB-IT-IT-IT+NNNN+0341439.txt	0.001	0.041	0.03	SP
1+NA+NE+NA-NA-NA-NA+NE-NE-NE-NE+NNNN+0229755.txt	0.0	0.024	0.012	NA
1+LY+SL+LY-LY-LY-LY+SL-SL-SL-SL+NNNN+0120031.txt	0.0	0.034	0.024	LY
1+IN+EN+IN-IN-IN-IN+EN-EN-EN-EN+WIKI+9991262.txt	0.004	0.097	0.047	IN
1+IN+EN+IN-IN-IN-IN+EN-EN-EN-EN+WIKI+9992025.txt	0.0	0.116	0.01	IN
1+IN+EN+IN-IN-IN-IN+EN-EN-EN-EN+WIKI+9990626.txt	0.103	0.362	0.142	IN
1+SP+IT+OP-SP-SP-SP+RV-IT-IT-IT+NNNN+0304100.txt	0.001	0.071	0.047	SP
1+NA+NE+NA-NA-NA-NA+NE-NE-NE-NE+NNNN+0225184.txt	0.002	0.033	0.008	NA
1+LY+SL+LY-LY-LY-LY+SL-SL-SL-SL+NNNN+0195661.txt	0.0	0.009	0.005	LY
1+SP+IT+NA-SP-SP-SP+SR-IT-IT-IT+YNNN+0209998.txt	0.0	0.088	0.001	SP
1+SP+IT+IN-SP-SP-SP+TR-IT-IT-IT+NNNN+0689553.txt	0.0	0.1	0.039	SP
1+IP+DS+IP-IP-IP-IP+DS-DS-DS-DS+NNNN+0782612.txt	0.0	0.017	0.002	IP
1+IP+DS+IP-IP-IP-IP+DS-DS-DS-DS+NNNY+0583255.txt	0.0	0.025	0.013	IP
1+IN+EN+IN-IN-IN-IN+EN-EN-EN-EN+WIKI+9992596.txt	0.024	0.074	0.042	IN
